-- phpMyAdmin SQL Dump
-- version 4.5.1
-- http://www.phpmyadmin.net
--
-- 主機: 127.0.0.1
-- 產生時間： 2017-02-26 12:04:40
-- 伺服器版本: 10.1.19-MariaDB
-- PHP 版本： 5.5.38

SET SQL_MODE = "NO_AUTO_VALUE_ON_ZERO";
SET time_zone = "+00:00";


/*!40101 SET @OLD_CHARACTER_SET_CLIENT=@@CHARACTER_SET_CLIENT */;
/*!40101 SET @OLD_CHARACTER_SET_RESULTS=@@CHARACTER_SET_RESULTS */;
/*!40101 SET @OLD_COLLATION_CONNECTION=@@COLLATION_CONNECTION */;
/*!40101 SET NAMES utf8mb4 */;

--
-- 資料庫： `happytea`
--

-- --------------------------------------------------------

--
-- 資料表結構 `additional_item`
--

CREATE TABLE `additional_item` (
  `ai_id` int(11) NOT NULL,
  `at_id` int(11) NOT NULL,
  `name` char(50) CHARACTER SET utf8 COLLATE utf8_unicode_ci NOT NULL,
  `price` int(11) NOT NULL
) ENGINE=InnoDB DEFAULT CHARSET=utf8 COLLATE=utf8_bin;

--
-- 資料表的匯出資料 `additional_item`
--

INSERT INTO `additional_item` (`ai_id`, `at_id`, `name`, `price`) VALUES
(71, 35, '珍珠', 5),
(72, 35, '椰果', 5),
(73, 35, '仙草', 5),
(74, 35, '養樂多', 10),
(90, 46, '多冰', 0),
(91, 46, '少冰', 0),
(92, 46, '微冰', 0),
(93, 46, '去冰', 0),
(112, 47, '多糖', 0),
(113, 47, '半糖', 0),
(114, 47, '少糖', 0),
(119, 47, '微糖', 0),
(120, 47, '無糖', 0);

-- --------------------------------------------------------

--
-- 資料表結構 `additional_type`
--

CREATE TABLE `additional_type` (
  `at_id` int(11) NOT NULL,
  `option_name` char(50) CHARACTER SET utf8 COLLATE utf8_unicode_ci NOT NULL,
  `multiple_choice` tinyint(1) NOT NULL
) ENGINE=InnoDB DEFAULT CHARSET=utf8 COLLATE=utf8_bin;

--
-- 資料表的匯出資料 `additional_type`
--

INSERT INTO `additional_type` (`at_id`, `option_name`, `multiple_choice`) VALUES
(35, '加料', 1),
(46, '冰量', 0),
(47, '甜度', 0);

-- --------------------------------------------------------

--
-- 資料表結構 `config`
--

CREATE TABLE `config` (
  `name` varchar(255) COLLATE utf8_unicode_ci NOT NULL,
  `value` varchar(255) COLLATE utf8_unicode_ci NOT NULL
) ENGINE=InnoDB DEFAULT CHARSET=utf8 COLLATE=utf8_unicode_ci;

--
-- 資料表的匯出資料 `config`
--

INSERT INTO `config` (`name`, `value`) VALUES
('verification', 'ae88'),
('verification_time', '1466415434');

-- --------------------------------------------------------

--
-- 資料表結構 `ingredient`
--

CREATE TABLE `ingredient` (
  `call_id` int(11) NOT NULL,
  `shop_id` int(11) NOT NULL,
  `ingredient` varchar(256) CHARACTER SET utf8 NOT NULL,
  `num` float NOT NULL,
  `unit` varchar(256) CHARACTER SET utf8 NOT NULL,
  `call_time` timestamp NOT NULL DEFAULT CURRENT_TIMESTAMP,
  `handled` int(11) NOT NULL
) ENGINE=InnoDB DEFAULT CHARSET=latin1;

--
-- 資料表的匯出資料 `ingredient`
--

INSERT INTO `ingredient` (`call_id`, `shop_id`, `ingredient`, `num`, `unit`, `call_time`, `handled`) VALUES
(34, 1, '綠茶葉', 12, '公斤', '2016-12-11 16:31:57', 2),
(35, 1, '綠茶葉', 1, '公斤', '2016-12-11 16:35:48', 2),
(36, 1, '紅茶葉', 12, '公斤', '2016-12-11 16:35:48', 2),
(37, -1, '吸管', 1, '箱', '2017-02-12 12:20:53', 1),
(38, -1, '吸管', 1, '箱', '2017-02-18 22:57:36', 1),
(39, -1, '綠茶葉', 1, '公斤', '2017-02-18 22:58:28', 1),
(40, -1, '杯蓋', 1, '箱', '2017-02-18 23:00:24', 1),
(41, -1, '杯蓋', 1, '箱', '2017-02-18 23:02:00', 1),
(42, -1, '紅茶葉', 2, '公斤', '2017-02-18 23:03:08', 0),
(43, -1, '杯蓋', 5, '箱', '2017-02-18 23:03:52', 0),
(44, -1, '綠茶葉', 2, '公斤', '2017-02-18 23:08:06', 0),
(45, -1, '吸管', 10, '箱', '2017-02-18 23:11:25', 0),
(46, -1, '綠茶葉', 10, '公斤', '2017-02-18 23:23:31', 0);

-- --------------------------------------------------------

--
-- 資料表結構 `log`
--

CREATE TABLE `log` (
  `log_id` int(11) NOT NULL,
  `u_id` int(11) NOT NULL,
  `o_id` int(11) NOT NULL,
  `time` datetime NOT NULL,
  `s_text` varchar(255) COLLATE utf8_unicode_ci NOT NULL,
  `m_text` varchar(255) COLLATE utf8_unicode_ci NOT NULL,
  `quantity` int(11) NOT NULL,
  `price` int(11) NOT NULL,
  `shop_id` int(11) NOT NULL,
  `m_id` int(11) NOT NULL,
  `volume` int(11) NOT NULL,
  `is_remove` tinyint(1) NOT NULL
) ENGINE=InnoDB DEFAULT CHARSET=utf8 COLLATE=utf8_unicode_ci;

--
-- 資料表的匯出資料 `log`
--

INSERT INTO `log` (`log_id`, `u_id`, `o_id`, `time`, `s_text`, `m_text`, `quantity`, `price`, `shop_id`, `m_id`, `volume`, `is_remove`) VALUES
(81, 44, 148, '2016-12-11 06:02:49', '經典台灣茶', '翡翠綠茶', 50, 25, 1, 0, 0, 0),
(82, 44, 148, '2016-12-11 06:02:49', '經典台灣茶', '日月潭阿薩姆紅茶', 8, 25, 1, 0, 0, 0),
(83, 43, 180, '2017-02-21 22:41:25', '經典台灣茶(熱)', '翡翠綠茶', 1, 25, 1, 0, 0, 0),
(86, 43, 179, '2017-02-21 22:37:55', '經典台灣茶(熱)', '米香茶', 1, 30, 1, 0, 0, 0),
(87, 43, 181, '2017-02-21 22:42:08', '經典台灣茶(熱)', '烏龍綠茶', 1, 25, 1, 0, 0, 0),
(88, 44, 187, '2017-02-24 22:42:59', '經典台灣茶(熱)', '阿里山清香烏龍', 1, 70, 1, 0, 0, 0),
(89, 44, 186, '2017-02-24 22:39:27', '經典台灣茶(熱)', '紫米香茶', 1, 30, 1, 0, 0, 0),
(90, 43, 185, '2017-02-21 22:44:12', '經典台灣茶(熱)', '翡翠綠茶', 1, 25, 1, 0, 0, 0),
(91, 43, 184, '2017-02-21 22:43:58', '經典台灣茶(熱)', '黑金烏龍茶', 1, 35, 1, 0, 0, 0),
(92, 44, 188, '2017-02-24 22:43:24', '經典台灣茶(熱)', '阿里山清香烏龍', 1, 70, 1, 0, 0, 0),
(93, 43, 183, '2017-02-21 22:43:43', '經典台灣茶(熱)', '黑金烏龍茶', 1, 35, 1, 0, 0, 0),
(94, 43, 182, '2017-02-21 22:43:04', '經典台灣茶(熱)', '黑金烏龍茶', 1, 35, 1, 0, 0, 0),
(207, 44, 221, '2017-02-25 02:06:23', '經典台灣茶(熱)', '田園六種茶', 1, 30, 1, 0, 0, 0),
(208, 44, 221, '2017-02-25 02:06:23', '經典台灣茶(熱)', '四季青茶', 1, 30, 1, 0, 0, 0),
(209, 44, 221, '2017-02-25 02:06:23', '經典台灣茶(熱)', '紫米香茶', 3, 35, 1, 0, 0, 0),
(210, 44, 221, '2017-02-25 02:06:23', '經典台灣茶(熱)', '米香茶', 1, 35, 1, 0, 0, 0),
(211, 44, 221, '2017-02-25 02:06:23', '經典台灣茶(熱)', '四季青茶', -1, -30, 1, 0, 0, 0),
(212, 44, 223, '2017-02-25 07:36:46', '經典台灣茶(熱)', '紫米香茶', 1, 30, 1, 0, 0, 0),
(213, 44, 223, '2017-02-25 07:36:46', '經典台灣茶(熱)', '紫米香茶', 1, 30, 1, 0, 0, 0),
(214, 44, 223, '2017-02-25 07:36:46', '經典台灣茶(熱)', '紫米香茶', 1, 30, 1, 0, 0, 0),
(215, 44, 223, '2017-02-25 07:36:46', '經典台灣茶(熱)', '紫米香茶', 1, 30, 1, 0, 0, 0),
(216, 44, 223, '2017-02-25 07:36:46', '經典台灣茶(熱)', '紫米香茶', 1, 30, 1, 0, 0, 0),
(217, 44, 223, '2017-02-25 07:36:46', '經典台灣茶(熱)', '紫米香茶', 1, 30, 1, 0, 0, 0),
(218, 44, 223, '2017-02-25 07:36:46', '經典台灣茶(熱)', '紫米香茶', -1, -30, 1, 0, 0, 0),
(219, 44, 223, '2017-02-25 07:36:46', '經典台灣茶(熱)', '紫米香茶', 1, 30, 1, 0, 0, 0),
(220, 44, 223, '2017-02-25 07:36:46', '經典台灣茶(熱)', '紫米香茶', 1, 30, 1, 0, 0, 0),
(221, 44, 223, '2017-02-25 07:36:46', '經典台灣茶(熱)', '紫米香茶', 1, 30, 1, 0, 0, 0),
(222, 44, 223, '2017-02-25 07:36:46', '經典台灣茶(熱)', '紫米香茶', 1, 30, 1, 0, 0, 0),
(223, 44, 223, '2017-02-25 07:36:46', '經典台灣茶(熱)', '紫米香茶', 1, 30, 1, 0, 0, 0),
(224, 44, 223, '2017-02-25 07:36:46', '經典台灣茶(熱)', '紫米香茶', 1, 30, 1, 0, 0, 0),
(225, 44, 223, '2017-02-25 07:36:46', '經典台灣茶(熱)', '紫米香茶', -1, -30, 1, 0, 0, 0),
(226, 44, 225, '2017-02-25 09:43:08', '鮮水果調茶(冰)', '香梅青茶', 1, 35, 1, 0, 0, 0),
(227, 44, 225, '2017-02-25 09:43:08', '鮮水果調茶(冰)', '百香青茶', 1, 45, 1, 0, 0, 0),
(228, 44, 227, '2017-02-25 09:43:42', '鮮水果調茶(冰)', '鮮檸綠茶', 1, 45, 1, 0, 0, 0),
(229, 44, 227, '2017-02-25 09:43:42', '鮮水果調茶(冰)', '綜合水果茶', 1, 45, 1, 0, 0, 0),
(230, 44, 227, '2017-02-25 09:43:42', '鮮水果調茶(冰)', '蘋果青茶', 1, 55, 1, 0, 0, 0),
(231, 44, 227, '2017-02-25 09:43:42', '鮮水果調茶(冰)', '鮮寧多多', 1, 55, 1, 0, 0, 0),
(232, 44, 227, '2017-02-25 09:43:42', '鮮水果調茶(冰)', '百香青茶', 1, 45, 1, 0, 0, 0),
(233, 44, 227, '2017-02-25 09:43:42', '鮮水果調茶(冰)', 'Q嫩仙草茶', 1, 40, 1, 0, 0, 0),
(234, 44, 227, '2017-02-25 09:43:42', '鮮水果調茶(冰)', '養樂多綠茶', 1, 45, 1, 0, 0, 0),
(235, 44, 227, '2017-02-25 09:43:42', '鮮水果調茶(冰)', 'Q嫩仙草茶', -1, -40, 1, 0, 0, 0),
(236, 44, 226, '2017-02-25 09:43:19', '鮮水果調茶(冰)', '香梅紅茶', 1, 35, 1, 0, 0, 0),
(244, 44, 238, '2017-02-25 23:43:06', '經典台灣茶(冰)', '米香茶', 1, 30, 1, 0, 0, 0),
(245, 44, 238, '2017-02-25 23:43:06', '經典台灣茶(冰)', '米香茶', 1, 30, 1, 0, 0, 0),
(246, 44, 239, '2017-02-25 23:43:37', '經典台灣茶(冰)', '黑豆馬卡龍', 1, 40, 1, 0, 0, 0),
(247, 44, 239, '2017-02-25 23:43:37', '經典台灣茶(冰)', '黑豆馬卡龍', 1, 40, 1, 0, 0, 0),
(248, 44, 240, '2017-02-25 23:44:03', '經典台灣茶(冰)', '黑豆馬卡龍', 1, 40, 1, 0, 0, 0),
(249, 44, 240, '2017-02-25 23:44:03', '經典台灣茶(冰)', '黑豆馬卡龍', 1, 40, 1, 0, 0, 0),
(250, 44, 241, '2017-02-25 23:46:30', '經典台灣茶(冰)', '黑豆馬卡龍', 1, 40, 1, 0, 0, 0),
(251, 44, 242, '2017-02-25 23:47:19', '經典台灣茶(冰)', '黑金烏龍茶', 1, 35, 1, 0, 0, 0),
(252, 44, 243, '2017-02-25 23:59:54', '經典台灣茶(冰)', '黑豆馬卡龍', 1, 40, 1, 0, 0, 0),
(253, 44, 243, '2017-02-25 23:59:54', '經典台灣茶(冰)', '黑豆馬卡龍', 1, 40, 1, 0, 0, 0),
(254, 44, 244, '2017-02-26 00:00:29', '經典台灣茶(冰)', '黑豆馬卡龍', 1, 40, 1, 0, 0, 0),
(255, 44, 245, '2017-02-26 00:01:24', '經典台灣茶(冰)', '紫米香茶', 1, 30, 1, 0, 0, 0),
(256, 44, 245, '2017-02-26 00:01:24', '經典台灣茶(冰)', '紫米香茶', 1, 30, 1, 0, 0, 0),
(257, 44, 246, '2017-02-26 00:01:38', '經典台灣茶(冰)', '日月潭阿薩姆紅茶', 1, 25, 1, 0, 0, 0),
(258, 44, 246, '2017-02-26 00:01:38', '經典台灣茶(冰)', '翡翠綠茶', 1, 25, 1, 0, 0, 0),
(259, 44, 246, '2017-02-26 00:01:38', '經典台灣茶(冰)', '紫米香茶', 1, 30, 1, 0, 0, 0),
(260, 44, 246, '2017-02-26 00:01:38', '經典台灣茶(冰)', '四季青茶', 1, 25, 1, 0, 0, 0),
(261, 44, 247, '2017-02-26 00:04:16', '經典台灣茶(冰)', '紫米香茶', 1, 30, 1, 0, 0, 0),
(262, 44, 248, '2017-02-26 00:05:31', '經典台灣茶(冰)', '四季青茶', 1, 25, 1, 0, 0, 0),
(263, 44, 248, '2017-02-26 00:05:31', '經典台灣茶(冰)', '四季青茶', 1, 25, 1, 0, 0, 0),
(264, 44, 248, '2017-02-26 00:05:31', '經典台灣茶(冰)', '四季青茶', 1, 25, 1, 0, 0, 0),
(265, 44, 248, '2017-02-26 00:05:31', '經典台灣茶(冰)', '米香茶', 1, 30, 1, 0, 0, 0),
(266, 44, 248, '2017-02-26 00:05:31', '經典台灣茶(冰)', '蕎麥綠茶', 1, 35, 1, 0, 0, 0),
(267, 44, 248, '2017-02-26 00:05:31', '經典台灣茶(冰)', '烏龍綠茶', 1, 0, 1, 0, 0, 0),
(268, 44, 249, '2017-02-26 00:23:37', '經典台灣茶(冰)', '蕎麥綠茶', 1, 35, 1, 0, 0, 0),
(269, 44, 249, '2017-02-26 00:23:37', '經典台灣茶(冰)', '蕎麥綠茶', 1, 35, 1, 0, 0, 0),
(270, 44, 250, '2017-02-26 00:24:00', '經典台灣茶(冰)', '四季青茶', 1, 25, 1, 0, 0, 0),
(271, 44, 251, '2017-02-26 00:24:31', '經典台灣茶(冰)', '翡翠綠茶', 1, 25, 1, 0, 0, 0),
(272, 44, 252, '2017-02-26 00:24:57', '經典台灣茶(冰)', '日月潭阿薩姆紅茶', 1, 25, 1, 0, 0, 0),
(273, 44, 253, '2017-02-26 00:26:11', '經典台灣茶(冰)', '紫米香茶', 1, 30, 1, 0, 0, 0),
(274, 44, 254, '2017-02-26 00:27:36', '經典台灣茶(冰)', '紫米香茶', 1, 30, 1, 0, 0, 0),
(275, 44, 255, '2017-02-26 00:28:35', '經典台灣茶(冰)', '日月潭阿薩姆紅茶', 1, 25, 1, 0, 0, 0),
(276, 44, 255, '2017-02-26 00:28:35', '經典台灣茶(冰)', '日月潭阿薩姆紅茶', 1, 25, 1, 0, 0, 0),
(277, 44, 256, '2017-02-26 00:29:06', '經典台灣茶(冰)', '米香茶', 1, 30, 1, 0, 0, 0),
(278, 44, 256, '2017-02-26 00:29:06', '經典台灣茶(冰)', '米香茶', 1, 30, 1, 0, 0, 0),
(279, 44, 257, '2017-02-26 01:26:59', '經典台灣茶(冰)', '蕎麥綠茶', 1, 35, 1, 0, 0, 0),
(280, 44, 257, '2017-02-26 01:26:59', '經典台灣茶(冰)', '蕎麥綠茶', 1, 35, 1, 0, 0, 0),
(281, 44, 258, '2017-02-26 01:37:43', '經典台灣茶(冰)', '蕎麥綠茶', 1, 35, 1, 0, 0, 0),
(282, 44, 259, '2017-02-26 01:38:00', '經典台灣茶(冰)', '蕎麥綠茶', 1, 35, 1, 0, 0, 0),
(283, 44, 260, '2017-02-26 01:49:22', '經典台灣茶(冰)', '烏龍綠茶', 1, 25, 1, 0, 0, 0),
(284, 44, 261, '2017-02-26 01:53:15', '經典台灣茶(冰)', '四季青茶', 1, 25, 1, 0, 0, 0),
(285, 44, 262, '2017-02-26 01:54:05', '經典台灣茶(冰)', '田園六種茶', 1, 30, 1, 0, 0, 0),
(286, 44, 263, '2017-02-26 01:55:40', '經典台灣茶(冰)', '翡翠綠茶', 1, 25, 1, 0, 0, 0),
(287, 44, 264, '2017-02-26 01:55:53', '經典台灣茶(冰)', '日月潭阿薩姆紅茶', 1, 25, 1, 0, 0, 0),
(288, 44, 264, '2017-02-26 01:55:53', '經典台灣茶(冰)', '日月潭阿薩姆紅茶', 1, 25, 1, 0, 0, 0),
(289, 44, 264, '2017-02-26 01:55:53', '經典台灣茶(冰)', '日月潭阿薩姆紅茶', 1, 25, 1, 0, 0, 0),
(290, 44, 265, '2017-02-26 01:57:30', '經典台灣茶(冰)', '紫米香茶', 1, 30, 1, 0, 0, 0),
(291, 44, 266, '2017-02-26 01:58:18', '經典台灣茶(冰)', '田園六種茶', 1, 30, 1, 0, 0, 0),
(292, 44, 267, '2017-02-26 01:58:36', '經典台灣茶(冰)', '紫米香茶', 1, 30, 1, 0, 0, 0),
(293, 44, 268, '2017-02-26 02:03:24', '經典台灣茶(冰)', '烏龍綠茶', 1, 25, 1, 0, 0, 0),
(294, 44, 269, '2017-02-26 02:14:40', '經典台灣茶(冰)', '翡翠綠茶', 1, 25, 1, 0, 0, 0),
(295, 44, 270, '2017-02-26 02:21:14', '經典台灣茶(冰)', '紫米香茶', 1, 30, 1, 0, 0, 0),
(296, 44, 271, '2017-02-26 02:33:26', '經典台灣茶(冰)', '田園六種茶', 1, 30, 1, 0, 0, 0),
(297, 44, 272, '2017-02-26 02:33:53', '經典台灣茶(冰)', '翡翠綠茶', 1, 25, 1, 0, 0, 0),
(298, 44, 273, '2017-02-26 02:35:37', '經典台灣茶(冰)', '紫米香茶', 1, 30, 1, 0, 0, 0),
(299, 44, 274, '2017-02-26 02:36:29', '經典台灣茶(冰)', '紫米香茶', 1, 30, 1, 0, 0, 0),
(300, 44, 274, '2017-02-26 02:36:29', '經典台灣茶(冰)', '紫米香茶', 1, 30, 1, 0, 0, 0),
(301, 44, 275, '2017-02-26 02:37:29', '經典台灣茶(冰)', '紫米香茶', 1, 30, 1, 0, 0, 0),
(302, 44, 276, '2017-02-26 02:39:58', '經典台灣茶(冰)', '田園六種茶', 1, 30, 1, 0, 0, 0),
(303, 44, 277, '2017-02-26 10:20:33', '經典台灣茶(冰)', '紫米香茶', 1, 30, 1, 0, 0, 0),
(304, 44, 277, '2017-02-26 10:20:33', '經典台灣茶(冰)', '紫米香茶', 1, 30, 1, 0, 0, 0),
(305, 44, 278, '2017-02-26 10:28:15', '經典台灣茶(冰)', '田園六種茶', 1, 30, 1, 0, 0, 0),
(306, 44, 279, '2017-02-26 10:28:47', '經典台灣茶(冰)', '米香茶', 1, 30, 1, 0, 0, 0),
(307, 44, 280, '2017-02-26 10:28:58', '經典台灣茶(冰)', '蕎麥綠茶', 1, 35, 1, 0, 0, 0),
(308, 44, 281, '2017-02-26 11:02:31', '經典台灣茶(冰)', '日月潭阿薩姆紅茶', 1, 25, 1, 0, 0, 0),
(309, 44, 282, '2017-02-26 11:04:50', '經典台灣茶(冰)', '紫米香茶', 1, 30, 1, 0, 0, 0),
(310, 44, 283, '2017-02-26 11:07:10', '經典台灣茶(冰)', '翡翠綠茶', 1, 25, 1, 0, 0, 0),
(311, 44, 284, '2017-02-26 11:08:39', '經典台灣茶(冰)', '紫米香茶', 1, 30, 1, 0, 0, 0),
(312, 44, 285, '2017-02-26 11:12:42', '經典台灣茶(冰)', '紫米香茶', 1, 30, 1, 0, 0, 0),
(313, 44, 286, '2017-02-26 11:13:07', '經典台灣茶(冰)', '田園六種茶', 1, 30, 1, 0, 0, 0),
(314, 44, 287, '2017-02-26 11:14:15', '經典台灣茶(冰)', '翡翠綠茶', 1, 25, 1, 0, 0, 0),
(315, 44, 288, '2017-02-26 11:29:43', '經典台灣茶(冰)', '蕎麥綠茶', 1, 35, 1, 0, 0, 0),
(316, 44, 289, '2017-02-26 11:29:51', '經典台灣茶(冰)', '田園六種茶', 1, 30, 1, 0, 0, 0),
(317, 44, 290, '2017-02-26 11:36:41', '經典台灣茶(冰)', '紫米香茶', 1, 30, 1, 0, 0, 0),
(318, 44, 291, '2017-02-26 11:36:49', '經典台灣茶(冰)', '田園六種茶', 1, 30, 1, 0, 0, 0),
(319, 44, 292, '2017-02-26 11:37:50', '經典台灣茶(冰)', '紫米香茶', 1, 30, 1, 0, 0, 0),
(320, 44, 293, '2017-02-26 11:38:50', '經典台灣茶(冰)', '田園六種茶', 1, 30, 1, 0, 0, 0),
(321, 44, 294, '2017-02-26 11:39:07', '經典台灣茶(冰)', '米香茶', 1, 30, 1, 0, 0, 0),
(322, 44, 295, '2017-02-26 11:39:42', '經典台灣茶(冰)', '紫米香茶', 1, 30, 1, 0, 0, 0),
(323, 44, 296, '2017-02-26 12:11:37', '經典台灣茶(冰)', '米香茶', 1, 30, 1, 0, 0, 0),
(324, 44, 297, '2017-02-26 12:12:28', '經典台灣茶(冰)', '四季青茶', 1, 25, 1, 0, 0, 0),
(325, 44, 298, '2017-02-26 12:13:36', '經典台灣茶(冰)', '米香茶', 1, 30, 1, 0, 0, 0),
(326, 44, 299, '2017-02-26 12:42:02', '經典台灣茶(冰)', '田園六種茶', 1, 30, 1, 0, 0, 0),
(327, 44, 300, '2017-02-26 12:42:27', '經典台灣茶(冰)', '米香茶', 1, 30, 1, 0, 0, 0),
(328, 44, 300, '2017-02-26 12:42:27', '經典台灣茶(冰)', '紫米香茶', 1, 30, 1, 0, 0, 0),
(329, 44, 301, '2017-02-26 12:45:43', '經典台灣茶(冰)', '紫米香茶', 1, 30, 1, 0, 0, 0),
(330, 44, 302, '2017-02-26 12:46:03', '經典台灣茶(冰)', '紫米香茶', 1, 30, 1, 0, 0, 0),
(331, 44, 303, '2017-02-26 12:46:31', '經典台灣茶(冰)', '米香茶', 1, 30, 1, 0, 0, 0),
(332, 44, 303, '2017-02-26 12:46:31', '經典台灣茶(冰)', '米香茶', 1, 30, 1, 0, 0, 0),
(333, 44, 304, '2017-02-26 12:53:09', '經典台灣茶(冰)', '紫米香茶', 1, 30, 1, 0, 0, 0),
(334, 44, 305, '2017-02-26 12:54:32', '經典台灣茶(冰)', '紫米香茶', 1, 30, 1, 0, 0, 0),
(335, 44, 306, '2017-02-26 12:54:41', '經典台灣茶(冰)', '四季青茶', 1, 25, 1, 0, 0, 0),
(336, 44, 307, '2017-02-26 13:00:29', '經典台灣茶(冰)', '紫米香茶', 1, 30, 1, 0, 0, 0),
(337, 44, 308, '2017-02-26 13:00:54', '經典台灣茶(冰)', '紫米香茶', 1, 30, 1, 0, 0, 0),
(338, 44, 309, '2017-02-26 13:01:14', '經典台灣茶(冰)', '蟲咬過的紅茶', 1, 50, 1, 0, 0, 0),
(339, 44, 310, '2017-02-26 13:03:38', '經典台灣茶(冰)', '翡翠綠茶', 1, 25, 1, 0, 0, 0),
(340, 44, 311, '2017-02-26 13:04:13', '經典台灣茶(冰)', '翡翠綠茶', 1, 25, 1, 0, 0, 0),
(341, 44, 312, '2017-02-26 13:04:21', '經典台灣茶(冰)', '紫米香茶', 1, 30, 1, 0, 0, 0),
(342, 44, 313, '2017-02-26 13:05:00', '經典台灣茶(冰)', '田園六種茶', 1, 30, 1, 0, 0, 0),
(343, 44, 314, '2017-02-26 13:05:26', '經典台灣茶(冰)', '紫米香茶', 1, 30, 1, 0, 0, 0),
(344, 44, 315, '2017-02-26 13:05:43', '經典台灣茶(冰)', '日月潭阿薩姆紅茶', 1, 25, 1, 0, 0, 0),
(345, 44, 316, '2017-02-26 13:05:48', '經典台灣茶(冰)', '翡翠綠茶', 1, 25, 1, 0, 0, 0),
(346, 44, 317, '2017-02-26 13:06:30', '經典台灣茶(冰)', '米香茶', 1, 30, 1, 0, 0, 0),
(347, 44, 318, '2017-02-26 13:09:31', '經典台灣茶(冰)', '田園六種茶', 1, 30, 1, 0, 0, 0),
(348, 44, 319, '2017-02-26 13:10:33', '經典台灣茶(冰)', '米香茶', 1, 30, 1, 0, 0, 0),
(349, 44, 320, '2017-02-26 13:14:46', '經典台灣茶(冰)', '紫米香茶', 1, 30, 1, 0, 0, 0),
(350, 44, 320, '2017-02-26 13:14:46', '經典台灣茶(冰)', '紫米香茶', 1, 30, 1, 0, 0, 0),
(351, 44, 321, '2017-02-26 13:15:21', '經典台灣茶(冰)', '紫米香茶', 1, 30, 1, 0, 0, 0),
(352, 44, 322, '2017-02-26 13:16:33', '經典台灣茶(冰)', '紫米香茶', 1, 30, 1, 0, 0, 0),
(353, 44, 323, '2017-02-26 13:17:20', '經典台灣茶(冰)', '紫米香茶', 1, 30, 1, 0, 0, 0),
(354, 44, 324, '2017-02-26 13:18:22', '經典台灣茶(冰)', '翡翠綠茶', 1, 25, 1, 0, 0, 0),
(355, 44, 325, '2017-02-26 13:20:16', '經典台灣茶(冰)', '翡翠綠茶', 1, 25, 1, 0, 0, 0),
(356, 44, 326, '2017-02-26 13:21:04', '經典台灣茶(冰)', '米香茶', 1, 30, 1, 0, 0, 0),
(357, 44, 327, '2017-02-26 13:25:57', '經典台灣茶(冰)', '黑豆馬卡龍', 1, 40, 1, 0, 0, 0),
(358, 44, 328, '2017-02-26 13:26:42', '經典台灣茶(冰)', '紫米香茶', 1, 30, 1, 0, 0, 0),
(359, 44, 329, '2017-02-26 13:29:10', '經典台灣茶(冰)', '蕎麥綠茶', 1, 35, 1, 0, 0, 0),
(360, 44, 330, '2017-02-26 13:29:20', '經典台灣茶(冰)', '日月潭阿薩姆紅茶', 1, 25, 1, 0, 0, 0),
(361, 44, 331, '2017-02-26 13:30:38', '經典台灣茶(冰)', '紫米香茶', 1, 30, 1, 0, 0, 0),
(362, 44, 332, '2017-02-26 13:31:14', '經典台灣茶(冰)', '紫米香茶', 1, 30, 1, 0, 0, 0),
(363, 44, 333, '2017-02-26 13:31:33', '經典台灣茶(冰)', '米香茶', 1, 30, 1, 0, 0, 0),
(364, 44, 334, '2017-02-26 13:32:36', '經典台灣茶(冰)', '紫米香茶', 1, 30, 1, 0, 0, 0),
(365, 44, 335, '2017-02-26 13:32:53', '經典台灣茶(冰)', '米香茶', 1, 30, 1, 0, 0, 0),
(366, 44, 336, '2017-02-26 13:33:20', '經典台灣茶(冰)', '田園六種茶', 1, 30, 1, 0, 0, 0),
(367, 44, 337, '2017-02-26 13:33:26', '經典台灣茶(冰)', '紫米香茶', 1, 30, 1, 0, 0, 0),
(368, 44, 338, '2017-02-26 13:40:43', '經典台灣茶(冰)', '田園六種茶', 1, 30, 1, 0, 0, 0),
(369, 44, 339, '2017-02-26 13:40:47', '經典台灣茶(冰)', '日月潭阿薩姆紅茶', 1, 25, 1, 0, 0, 0),
(370, 44, 340, '2017-02-26 13:41:05', '經典台灣茶(冰)', '米香茶', 1, 30, 1, 0, 0, 0),
(371, 44, 341, '2017-02-26 13:43:44', '經典台灣茶(冰)', '黑豆馬卡龍', 1, 40, 1, 0, 0, 0),
(372, 44, 341, '2017-02-26 13:43:44', '經典台灣茶(冰)', '田園六種茶', 1, 30, 1, 0, 0, 0),
(373, 44, 342, '2017-02-26 13:47:53', '經典台灣茶(冰)', '蕎麥綠茶', 1, 35, 1, 0, 0, 0),
(374, 44, 343, '2017-02-26 13:48:16', '經典台灣茶(冰)', '紫米香茶', 1, 30, 1, 0, 0, 0),
(375, 44, 344, '2017-02-26 13:48:57', '經典台灣茶(冰)', '紫米香茶', 1, 30, 1, 0, 0, 0),
(376, 44, 345, '2017-02-26 13:52:52', '經典台灣茶(冰)', '紫米香茶', 1, 30, 1, 0, 0, 0),
(377, 44, 346, '2017-02-26 13:57:29', '經典台灣茶(冰)', '紫米香茶', 1, 30, 1, 0, 0, 0),
(378, 44, 346, '2017-02-26 13:57:29', '經典台灣茶(冰)', '紫米香茶', 1, 30, 1, 0, 0, 0),
(379, 44, 347, '2017-02-26 13:58:12', '經典台灣茶(冰)', '四季青茶', 1, 25, 1, 0, 0, 0),
(380, 44, 348, '2017-02-26 13:58:58', '經典台灣茶(冰)', '紫米香茶', 1, 30, 1, 0, 0, 0),
(381, 44, 349, '2017-02-26 14:03:30', '經典台灣茶(冰)', '紫米香茶', 1, 30, 1, 0, 0, 0),
(382, 44, 350, '2017-02-26 14:04:50', '經典台灣茶(冰)', '紫米香茶', 1, 30, 1, 0, 0, 0),
(383, 44, 351, '2017-02-26 14:05:05', '經典台灣茶(冰)', '米香茶', 1, 30, 1, 0, 0, 0),
(384, 44, 352, '2017-02-26 14:05:42', '經典台灣茶(冰)', '紫米香茶', 1, 30, 1, 0, 0, 0),
(385, 44, 353, '2017-02-26 14:06:26', '經典台灣茶(冰)', '紫米香茶', 1, 30, 1, 0, 0, 0),
(386, 44, 354, '2017-02-26 14:06:45', '經典台灣茶(冰)', '四季青茶', 1, 25, 1, 0, 0, 0),
(387, 44, 355, '2017-02-26 14:07:31', '經典台灣茶(冰)', '四季青茶', 1, 25, 1, 0, 0, 0),
(388, 44, 356, '2017-02-26 14:08:53', '經典台灣茶(冰)', '紫米香茶', 1, 30, 1, 0, 0, 0),
(389, 44, 357, '2017-02-26 14:09:46', '經典台灣茶(冰)', '翡翠綠茶', 1, 25, 1, 0, 0, 0),
(390, 44, 358, '2017-02-26 14:09:56', '經典台灣茶(冰)', '翡翠綠茶', 1, 25, 1, 0, 0, 0),
(391, 44, 358, '2017-02-26 14:09:56', '經典台灣茶(冰)', '紫米香茶', 1, 30, 1, 0, 0, 0),
(392, 44, 358, '2017-02-26 14:09:56', '經典台灣茶(冰)', '田園六種茶', 1, 30, 1, 0, 0, 0),
(393, 44, 358, '2017-02-26 14:09:56', '經典台灣茶(冰)', '日月潭阿薩姆紅茶', 1, 25, 1, 0, 0, 0),
(394, 44, 359, '2017-02-26 14:13:33', '經典台灣茶(冰)', '田園六種茶', 1, 30, 1, 0, 0, 0),
(395, 44, 359, '2017-02-26 14:13:33', '經典台灣茶(冰)', '田園六種茶', 1, 30, 1, 0, 0, 0),
(396, 44, 360, '2017-02-26 14:14:51', '經典台灣茶(冰)', '米香茶', 1, 30, 1, 0, 0, 0),
(397, 44, 360, '2017-02-26 14:14:51', '經典台灣茶(冰)', '米香茶', 1, 30, 1, 0, 0, 0),
(398, 44, 361, '2017-02-26 14:17:55', '經典台灣茶(冰)', '翡翠綠茶', 1, 25, 1, 0, 0, 0),
(399, 44, 361, '2017-02-26 14:17:55', '經典台灣茶(冰)', '日月潭阿薩姆紅茶', 1, 25, 1, 0, 0, 0),
(400, 44, 362, '2017-02-26 14:18:03', '經典台灣茶(冰)', '蕎麥綠茶', 1, 35, 1, 0, 0, 0),
(401, 44, 363, '2017-02-26 14:22:18', '經典台灣茶(冰)', '紫米香茶', 1, 30, 1, 0, 0, 0),
(402, 44, 364, '2017-02-26 14:29:26', '經典台灣茶(冰)', '紫米香茶', 1, 30, 1, 0, 0, 0),
(403, 44, 365, '2017-02-26 14:30:23', '經典台灣茶(冰)', '翡翠綠茶', 1, 25, 1, 0, 0, 0),
(404, 44, 366, '2017-02-26 14:33:56', '經典台灣茶(冰)', '蕎麥綠茶', 1, 35, 1, 0, 0, 0),
(405, 44, 366, '2017-02-26 14:33:56', '經典台灣茶(冰)', '紫米香茶', 1, 30, 1, 0, 0, 0),
(406, 44, 366, '2017-02-26 14:33:56', '經典台灣茶(冰)', '紫米香茶', 1, 30, 1, 0, 0, 0),
(407, 44, 366, '2017-02-26 14:33:56', '經典台灣茶(冰)', '翡翠綠茶', 1, 25, 1, 0, 0, 0),
(408, 44, 366, '2017-02-26 14:33:56', '經典台灣茶(冰)', '翡翠綠茶', 1, 25, 1, 0, 0, 0),
(409, 44, 366, '2017-02-26 14:33:56', '經典台灣茶(冰)', '翡翠綠茶', 1, 25, 1, 0, 0, 0),
(410, 44, 366, '2017-02-26 14:33:56', '經典台灣茶(冰)', '翡翠綠茶', 1, 25, 1, 0, 0, 0),
(411, 44, 366, '2017-02-26 14:33:56', '經典台灣茶(冰)', '翡翠綠茶', 1, 25, 1, 0, 0, 0),
(412, 44, 366, '2017-02-26 14:33:56', '經典台灣茶(冰)', '翡翠綠茶', 1, 0, 1, 0, 0, 0),
(413, 44, 367, '2017-02-26 14:35:09', '經典台灣茶(冰)', '四季青茶', 1, 25, 1, 0, 0, 0),
(414, 44, 368, '2017-02-26 14:35:30', '經典台灣茶(冰)', '蕎麥綠茶', 1, 35, 1, 0, 0, 0),
(415, 44, 369, '2017-02-26 14:35:42', '經典台灣茶(冰)', '翡翠綠茶', 1, 25, 1, 0, 0, 0),
(416, 44, 370, '2017-02-26 14:47:51', '經典台灣茶(冰)', '翡翠綠茶', 1, 25, 1, 0, 0, 0),
(417, 44, 371, '2017-02-26 14:48:14', '經典台灣茶(冰)', '米香茶', 1, 30, 1, 0, 0, 0),
(418, 44, 372, '2017-02-26 14:52:11', '經典台灣茶(冰)', '四季青茶', 1, 25, 1, 0, 0, 0),
(419, 44, 373, '2017-02-26 14:52:43', '經典台灣茶(冰)', '翡翠綠茶', 1, 25, 1, 0, 0, 0),
(420, 44, 374, '2017-02-26 14:53:53', '經典台灣茶(冰)', '翡翠綠茶', 1, 25, 1, 0, 0, 0),
(421, 44, 375, '2017-02-26 14:54:37', '經典台灣茶(冰)', '蕎麥綠茶', 1, 35, 1, 0, 0, 0),
(422, 44, 376, '2017-02-26 14:57:26', '經典台灣茶(冰)', '四季青茶', 1, 25, 1, 0, 0, 0),
(423, 44, 377, '2017-02-26 14:58:04', '經典台灣茶(冰)', '紫米香茶', 1, 30, 1, 0, 0, 0),
(424, 44, 378, '2017-02-26 14:58:13', '經典台灣茶(冰)', '紫米香茶', 1, 30, 1, 0, 0, 0),
(425, 44, 379, '2017-02-26 14:59:23', '慢磨蔬果原汁(冰)', 'S蘋果多多', 1, 55, 1, 0, 0, 0),
(426, 44, 380, '2017-02-26 15:01:24', '經典台灣茶(冰)', '日月潭阿薩姆紅茶', 1, 25, 1, 0, 0, 0),
(427, 44, 380, '2017-02-26 15:01:24', '經典台灣茶(冰)', '田園六種茶', 1, 30, 1, 0, 0, 0),
(428, 44, 381, '2017-02-26 15:02:15', '經典台灣茶(冰)', '四季青茶', 1, 25, 1, 0, 0, 0),
(429, 44, 382, '2017-02-26 15:14:54', '經典台灣茶(冰)', '蕎麥綠茶', 1, 35, 1, 0, 0, 0),
(430, 44, 382, '2017-02-26 15:14:54', '經典台灣茶(冰)', '蕎麥綠茶', 1, 35, 1, 0, 0, 0),
(431, 44, 383, '2017-02-26 15:23:48', '經典台灣茶(冰)', '烏龍綠茶', 1, 25, 1, 0, 0, 0),
(432, 44, 383, '2017-02-26 15:23:48', '經典台灣茶(冰)', '烏龍綠茶', 1, 25, 1, 0, 0, 0),
(433, 44, 383, '2017-02-26 15:23:48', '經典台灣茶(冰)', '田園六種茶', 1, 30, 1, 0, 0, 0),
(434, 44, 384, '2017-02-26 15:25:56', '經典台灣茶(冰)', '烏龍綠茶', 1, 25, 1, 0, 0, 0),
(435, 44, 384, '2017-02-26 15:25:56', '經典台灣茶(冰)', '烏龍綠茶', 1, 25, 1, 0, 0, 0),
(436, 44, 385, '2017-02-26 15:26:09', '經典台灣茶(冰)', '烏龍綠茶', 1, 25, 1, 0, 0, 0),
(437, 44, 386, '2017-02-26 15:26:16', '經典台灣茶(冰)', '烏龍綠茶', 1, 25, 1, 0, 0, 0),
(438, 44, 387, '2017-02-26 15:28:57', '經典台灣茶(冰)', '烏龍綠茶', 1, 25, 1, 0, 0, 0),
(439, 44, 387, '2017-02-26 15:28:57', '經典台灣茶(冰)', '烏龍綠茶', 1, 25, 1, 0, 0, 0),
(440, 44, 388, '2017-02-26 15:30:28', '經典台灣茶(冰)', '田園六種茶', 1, 30, 1, 0, 0, 0),
(441, 44, 388, '2017-02-26 15:30:28', '經典台灣茶(冰)', '田園六種茶', 1, 30, 1, 0, 0, 0),
(442, 44, 388, '2017-02-26 15:30:28', '經典台灣茶(冰)', '田園六種茶', 1, 30, 1, 0, 0, 0),
(443, 44, 389, '2017-02-26 15:33:51', '經典台灣茶(冰)', '烏龍綠茶', 1, 25, 1, 0, 0, 0),
(444, 44, 390, '2017-02-26 15:35:19', '經典台灣茶(冰)', '烏龍綠茶', 1, 25, 1, 0, 0, 0),
(445, 44, 391, '2017-02-26 15:37:49', '經典台灣茶(冰)', '烏龍綠茶', 1, 25, 1, 0, 0, 0),
(446, 44, 391, '2017-02-26 15:37:49', '經典台灣茶(冰)', '烏龍綠茶', 1, 25, 1, 0, 0, 0),
(447, 44, 392, '2017-02-26 15:38:37', '經典台灣茶(冰)', '烏龍綠茶', 1, 25, 1, 0, 0, 0),
(448, 44, 393, '2017-02-26 15:40:14', '經典台灣茶(冰)', '烏龍綠茶', 1, 25, 1, 0, 0, 0),
(449, 44, 393, '2017-02-26 15:40:14', '經典台灣茶(冰)', '烏龍綠茶', 1, 25, 1, 0, 0, 0),
(450, 44, 394, '2017-02-26 15:41:50', '經典台灣茶(冰)', '烏龍綠茶', 1, 25, 1, 0, 0, 0),
(451, 44, 394, '2017-02-26 15:41:50', '經典台灣茶(冰)', '烏龍綠茶', 1, 25, 1, 0, 0, 0),
(452, 44, 395, '2017-02-26 15:43:15', '經典台灣茶(冰)', '烏龍綠茶', 1, 25, 1, 0, 0, 0),
(453, 44, 395, '2017-02-26 15:43:15', '經典台灣茶(冰)', '烏龍綠茶', 1, 25, 1, 0, 0, 0),
(454, 44, 395, '2017-02-26 15:43:15', '經典台灣茶(冰)', '烏龍綠茶', 1, 25, 1, 0, 0, 0),
(455, 44, 396, '2017-02-26 15:43:48', '經典台灣茶(冰)', '田園六種茶', 1, 30, 1, 0, 0, 0),
(456, 44, 397, '2017-02-26 15:44:37', '經典台灣茶(冰)', '田園六種茶', 1, 30, 1, 0, 0, 0),
(457, 44, 397, '2017-02-26 15:44:37', '經典台灣茶(冰)', '田園六種茶', 1, 30, 1, 0, 0, 0),
(458, 44, 398, '2017-02-26 15:44:57', '經典台灣茶(冰)', '田園六種茶', 1, 30, 1, 0, 0, 0),
(459, 44, 399, '2017-02-26 15:45:16', '經典台灣茶(冰)', '烏龍綠茶', 1, 25, 1, 0, 0, 0),
(460, 44, 400, '2017-02-26 15:46:56', '經典台灣茶(冰)', '田園六種茶', 1, 30, 1, 0, 0, 0),
(461, 44, 401, '2017-02-26 15:47:31', '經典台灣茶(冰)', '田園六種茶', 1, 30, 1, 0, 0, 0),
(462, 44, 401, '2017-02-26 15:47:31', '經典台灣茶(冰)', '田園六種茶', 1, 30, 1, 0, 0, 0),
(463, 44, 402, '2017-02-26 15:50:09', '經典台灣茶(冰)', '烏龍綠茶', 1, 25, 1, 0, 0, 0),
(464, 44, 403, '2017-02-26 15:52:58', '經典台灣茶(冰)', '田園六種茶', 1, 30, 1, 0, 0, 0),
(465, 44, 403, '2017-02-26 15:52:58', '經典台灣茶(冰)', '烏龍綠茶', 1, 25, 1, 0, 0, 0),
(466, 44, 404, '2017-02-26 15:53:45', '經典台灣茶(冰)', '田園六種茶', 1, 30, 1, 0, 0, 0),
(467, 44, 405, '2017-02-26 15:58:28', '經典台灣茶(冰)', '烏龍綠茶', 1, 25, 1, 0, 0, 0),
(468, 44, 405, '2017-02-26 15:58:28', '經典台灣茶(冰)', '烏龍綠茶', 1, 25, 1, 0, 0, 0),
(469, 44, 405, '2017-02-26 15:58:28', '經典台灣茶(冰)', '烏龍綠茶', 1, 25, 1, 0, 0, 0),
(470, 44, 406, '2017-02-26 15:58:47', '經典台灣茶(冰)', '黑豆馬卡龍', 1, 40, 1, 0, 0, 0),
(471, 44, 407, '2017-02-26 16:00:00', '經典台灣茶(冰)', '烏龍綠茶', 1, 25, 1, 0, 0, 0),
(472, 44, 408, '2017-02-26 16:01:22', '經典台灣茶(冰)', '田園六種茶', 1, 30, 1, 0, 0, 0),
(473, 44, 409, '2017-02-26 16:06:05', '經典台灣茶(冰)', '烏龍綠茶', 1, 25, 1, 0, 0, 0),
(474, 44, 410, '2017-02-26 16:06:48', '經典台灣茶(冰)', '田園六種茶', 1, 30, 1, 0, 0, 0),
(475, 44, 411, '2017-02-26 16:06:54', '經典台灣茶(冰)', '田園六種茶', 1, 30, 1, 0, 0, 0),
(476, 44, 412, '2017-02-26 16:09:47', '經典台灣茶(冰)', '烏龍綠茶', 1, 25, 1, 0, 0, 0),
(477, 44, 413, '2017-02-26 16:10:53', '經典台灣茶(冰)', '日月潭阿薩姆紅茶', 1, 25, 1, 0, 0, 0),
(478, 44, 413, '2017-02-26 16:10:53', '經典台灣茶(冰)', '日月潭阿薩姆紅茶', 1, 25, 1, 0, 0, 0),
(479, 44, 414, '2017-02-26 16:11:06', '經典台灣茶(冰)', '烏龍綠茶', 1, 25, 1, 0, 0, 0),
(480, 44, 415, '2017-02-26 16:11:41', '經典台灣茶(冰)', '烏龍綠茶', 1, 25, 1, 0, 0, 0),
(481, 44, 416, '2017-02-26 16:12:36', '經典台灣茶(冰)', '烏龍綠茶', 1, 25, 1, 0, 0, 0),
(482, 44, 417, '2017-02-26 16:14:21', '經典台灣茶(冰)', '日月潭阿薩姆紅茶', 1, 25, 1, 0, 0, 0),
(483, 44, 418, '2017-02-26 16:16:27', '經典台灣茶(冰)', '四季青茶', 1, 25, 1, 0, 0, 0),
(484, 44, 419, '2017-02-26 16:17:35', '經典台灣茶(冰)', '日月潭阿薩姆紅茶', 1, 25, 1, 0, 0, 0),
(485, 44, 420, '2017-02-26 16:18:49', '經典台灣茶(冰)', '烏龍綠茶', 1, 25, 1, 0, 0, 0),
(486, 44, 420, '2017-02-26 16:18:49', '經典台灣茶(冰)', '烏龍綠茶', 1, 25, 1, 0, 0, 0),
(487, 44, 421, '2017-02-26 16:20:24', '經典台灣茶(冰)', '田園六種茶', 1, 30, 1, 0, 0, 0),
(488, 44, 422, '2017-02-26 16:24:23', '經典台灣茶(冰)', '四季青茶', 1, 25, 1, 0, 0, 0),
(489, 44, 422, '2017-02-26 16:24:23', '經典台灣茶(冰)', '四季青茶', 1, 25, 1, 0, 0, 0),
(490, 44, 422, '2017-02-26 16:24:23', '經典台灣茶(冰)', '四季青茶', 1, 25, 1, 0, 0, 0),
(491, 44, 422, '2017-02-26 16:24:23', '經典台灣茶(冰)', '四季青茶', 1, 25, 1, 0, 0, 0),
(492, 44, 423, '2017-02-26 16:24:49', '經典台灣茶(冰)', '烏龍綠茶', 1, 25, 1, 0, 0, 0),
(493, 44, 423, '2017-02-26 16:24:49', '經典台灣茶(冰)', '烏龍綠茶', 1, 25, 1, 0, 0, 0),
(494, 44, 423, '2017-02-26 16:24:49', '經典台灣茶(冰)', '烏龍綠茶', 1, 25, 1, 0, 0, 0),
(495, 44, 424, '2017-02-26 16:25:36', '經典台灣茶(冰)', '烏龍綠茶', 1, 25, 1, 0, 0, 0),
(496, 44, 424, '2017-02-26 16:25:36', '經典台灣茶(冰)', '烏龍綠茶', 1, 25, 1, 0, 0, 0),
(497, 44, 424, '2017-02-26 16:25:36', '經典台灣茶(冰)', '烏龍綠茶', 1, 25, 1, 0, 0, 0),
(498, 44, 425, '2017-02-26 16:27:25', '經典台灣茶(冰)', '日月潭阿薩姆紅茶', 1, 25, 1, 0, 0, 0),
(499, 44, 425, '2017-02-26 16:27:25', '經典台灣茶(冰)', '日月潭阿薩姆紅茶', 1, 25, 1, 0, 0, 0),
(500, 44, 425, '2017-02-26 16:27:25', '經典台灣茶(冰)', '日月潭阿薩姆紅茶', 1, 25, 1, 0, 0, 0),
(501, 44, 426, '2017-02-26 16:31:01', '經典台灣茶(冰)', '日月潭阿薩姆紅茶', 1, 25, 1, 0, 0, 0),
(502, 44, 427, '2017-02-26 16:32:31', '經典台灣茶(冰)', '蕎麥綠茶', 1, 35, 1, 0, 0, 0),
(503, 44, 427, '2017-02-26 16:32:31', '經典台灣茶(冰)', '黑金烏龍茶', 1, 35, 1, 0, 0, 0),
(504, 44, 428, '2017-02-26 16:33:31', '經典台灣茶(冰)', '黑金烏龍茶', 1, 35, 1, 0, 0, 0),
(505, 44, 429, '2017-02-26 16:34:32', '經典台灣茶(冰)', '黑金烏龍茶', 1, 35, 1, 0, 0, 0),
(506, 44, 429, '2017-02-26 16:34:32', '經典台灣茶(冰)', '黑金烏龍茶', 1, 35, 1, 0, 0, 0),
(507, 44, 430, '2017-02-26 16:35:48', '經典台灣茶(冰)', '黑金烏龍茶', 1, 35, 1, 0, 0, 0),
(508, 44, 431, '2017-02-26 16:36:35', '經典台灣茶(冰)', '黑金烏龍茶', 1, 35, 1, 0, 0, 0),
(509, 44, 432, '2017-02-26 16:36:46', '經典台灣茶(冰)', '烏龍綠茶', 1, 25, 1, 0, 0, 0),
(510, 44, 433, '2017-02-26 16:37:10', '經典台灣茶(冰)', '烏龍綠茶', 1, 25, 1, 0, 0, 0),
(511, 44, 434, '2017-02-26 16:37:19', '經典台灣茶(冰)', '田園六種茶', 1, 30, 1, 0, 0, 0),
(512, 44, 435, '2017-02-26 16:38:27', '經典台灣茶(冰)', '四季青茶', 1, 25, 1, 0, 0, 0),
(513, 44, 436, '2017-02-26 16:38:34', '經典台灣茶(冰)', '烏龍綠茶', 1, 25, 1, 0, 0, 0),
(514, 44, 437, '2017-02-26 16:39:44', '經典台灣茶(冰)', '烏龍綠茶', 1, 25, 1, 0, 0, 0),
(515, 44, 437, '2017-02-26 16:39:44', '經典台灣茶(冰)', '烏龍綠茶', 1, 25, 1, 0, 0, 0),
(516, 44, 438, '2017-02-26 16:39:58', '經典台灣茶(冰)', '烏龍綠茶', 1, 25, 1, 0, 0, 0),
(517, 44, 439, '2017-02-26 16:40:50', '經典台灣茶(冰)', '烏龍綠茶', 1, 25, 1, 0, 0, 0),
(518, 44, 439, '2017-02-26 16:40:50', '經典台灣茶(冰)', '烏龍綠茶', 1, 25, 1, 0, 0, 0),
(519, 44, 440, '2017-02-26 16:41:16', '經典台灣茶(冰)', '烏龍綠茶', 1, 25, 1, 0, 0, 0),
(520, 44, 440, '2017-02-26 16:41:16', '經典台灣茶(冰)', '烏龍綠茶', 1, 25, 1, 0, 0, 0),
(521, 44, 440, '2017-02-26 16:41:16', '經典台灣茶(冰)', '翡翠綠茶', 1, 45, 1, 0, 0, 0),
(522, 44, 440, '2017-02-26 16:41:16', '經典台灣茶(冰)', '四季青茶', 1, 25, 1, 0, 0, 0),
(523, 44, 440, '2017-02-26 16:41:16', '經典台灣茶(冰)', '烏龍綠茶', 1, 25, 1, 0, 0, 0),
(524, 44, 441, '2017-02-26 16:44:15', '經典台灣茶(冰)', '田園六種茶', 1, 30, 1, 0, 0, 0),
(525, 44, 442, '2017-02-26 16:44:58', '經典台灣茶(冰)', '田園六種茶', 1, 30, 1, 0, 0, 0),
(526, 44, 443, '2017-02-26 16:51:27', '經典台灣茶(冰)', '烏龍綠茶', 1, 25, 1, 0, 0, 0),
(527, 44, 444, '2017-02-26 16:54:04', '經典台灣茶(冰)', '日月潭阿薩姆紅茶', 1, 25, 1, 0, 0, 0),
(528, 44, 444, '2017-02-26 16:54:04', '經典台灣茶(冰)', '日月潭阿薩姆紅茶', 1, 25, 1, 0, 0, 0),
(529, 44, 445, '2017-02-26 16:54:16', '經典台灣茶(冰)', '翡翠綠茶', 1, 25, 1, 0, 0, 0),
(530, 44, 446, '2017-02-26 16:54:58', '經典台灣茶(冰)', '黑金烏龍茶', 1, 35, 1, 0, 0, 0),
(531, 44, 447, '2017-02-26 16:55:56', '經典台灣茶(冰)', '日月潭阿薩姆紅茶', 1, 25, 1, 0, 0, 0),
(532, 44, 448, '2017-02-26 16:56:42', '經典台灣茶(冰)', '黑金烏龍茶', 1, 35, 1, 0, 0, 0),
(533, 44, 449, '2017-02-26 16:57:29', '經典台灣茶(冰)', '黑金烏龍茶', 1, 35, 1, 0, 0, 0),
(534, 44, 450, '2017-02-26 16:58:28', '經典台灣茶(冰)', '黑金烏龍茶', 1, 35, 1, 0, 0, 0),
(535, 44, 451, '2017-02-26 17:00:42', '經典台灣茶(冰)', '黑豆馬卡龍', 1, 40, 1, 0, 0, 0),
(536, 44, 452, '2017-02-26 17:01:20', '經典台灣茶(冰)', '日月潭阿薩姆紅茶', 1, 25, 1, 0, 0, 0),
(537, 44, 453, '2017-02-26 17:02:04', '經典台灣茶(冰)', '黑金烏龍茶', 1, 35, 1, 0, 0, 0),
(538, 44, 453, '2017-02-26 17:02:04', '經典台灣茶(冰)', '黑金烏龍茶', 1, 35, 1, 0, 0, 0),
(539, 44, 454, '2017-02-26 17:07:46', '經典台灣茶(冰)', '翡翠綠茶', 1, 25, 1, 0, 0, 0),
(540, 44, 455, '2017-02-26 17:07:58', '經典台灣茶(冰)', '烏龍綠茶', 1, 25, 1, 0, 0, 0),
(541, 44, 455, '2017-02-26 17:07:58', '經典台灣茶(冰)', '田園六種茶', 1, 30, 1, 0, 0, 0),
(542, 44, 456, '2017-02-26 17:08:13', '經典台灣茶(冰)', '四季青茶', 1, 25, 1, 0, 0, 0),
(543, 44, 456, '2017-02-26 17:08:13', '經典台灣茶(冰)', '四季青茶', 1, 25, 1, 0, 0, 0),
(544, 44, 457, '2017-02-26 17:08:57', '經典台灣茶(冰)', '黑豆馬卡龍', 1, 40, 1, 0, 0, 0),
(545, 44, 458, '2017-02-26 17:09:48', '經典台灣茶(冰)', '翡翠綠茶', 1, 25, 1, 0, 0, 0),
(546, 44, 458, '2017-02-26 17:09:48', '經典台灣茶(冰)', '翡翠綠茶', 1, 25, 1, 0, 0, 0),
(547, 44, 459, '2017-02-26 17:09:59', '經典台灣茶(冰)', '田園六種茶', 1, 30, 1, 0, 0, 0),
(548, 44, 459, '2017-02-26 17:09:59', '經典台灣茶(冰)', '烏龍綠茶', 1, 25, 1, 0, 0, 0),
(549, 44, 460, '2017-02-26 17:17:16', '經典台灣茶(冰)', '黑金烏龍茶', 1, 35, 1, 0, 0, 0),
(550, 44, 461, '2017-02-26 17:17:45', '經典台灣茶(冰)', '黑金烏龍茶', 1, 35, 1, 0, 0, 0),
(551, 44, 462, '2017-02-26 17:17:53', '經典台灣茶(冰)', '烏龍綠茶', 1, 25, 1, 0, 0, 0),
(552, 44, 463, '2017-02-26 17:18:24', '經典台灣茶(冰)', '黑金烏龍茶', 1, 35, 1, 0, 0, 0),
(553, 44, 464, '2017-02-26 17:18:46', '經典台灣茶(冰)', '黑金烏龍茶', 1, 35, 1, 0, 0, 0),
(554, 44, 465, '2017-02-26 17:19:08', '經典台灣茶(冰)', '烏龍綠茶', 1, 25, 1, 0, 0, 0),
(555, 44, 466, '2017-02-26 17:20:18', '經典台灣茶(冰)', '黑金烏龍茶', 1, 35, 1, 0, 0, 0),
(556, 44, 467, '2017-02-26 17:21:20', '經典台灣茶(冰)', '黑金烏龍茶', 1, 35, 1, 0, 0, 0),
(557, 44, 468, '2017-02-26 17:22:48', '經典台灣茶(冰)', '烏龍綠茶', 1, 25, 1, 0, 0, 0),
(558, 44, 468, '2017-02-26 17:22:48', '經典台灣茶(冰)', '烏龍綠茶', 1, 25, 1, 0, 0, 0),
(559, 44, 469, '2017-02-26 17:22:57', '經典台灣茶(冰)', '田園六種茶', 1, 30, 1, 0, 0, 0),
(560, 44, 470, '2017-02-26 17:25:01', '經典台灣茶(冰)', '黑豆馬卡龍', 1, 40, 1, 0, 0, 0),
(561, 44, 471, '2017-02-26 17:25:28', '經典台灣茶(冰)', '黑金烏龍茶', 1, 35, 1, 0, 0, 0),
(562, 44, 472, '2017-02-26 17:26:12', '經典台灣茶(冰)', '田園六種茶', 1, 30, 1, 0, 0, 0),
(563, 44, 473, '2017-02-26 17:26:41', '經典台灣茶(冰)', '烏龍綠茶', 1, 25, 1, 0, 0, 0),
(564, 44, 474, '2017-02-26 17:26:59', '經典台灣茶(冰)', '黑金烏龍茶', 1, 35, 1, 0, 0, 0),
(565, 44, 475, '2017-02-26 17:27:10', '經典台灣茶(冰)', '日月潭阿薩姆紅茶', 1, 25, 1, 0, 0, 0),
(566, 44, 475, '2017-02-26 17:27:10', '經典台灣茶(冰)', '烏龍綠茶', 1, 25, 1, 0, 0, 0),
(567, 44, 475, '2017-02-26 17:27:10', '經典台灣茶(冰)', '烏龍綠茶', 1, 30, 1, 0, 0, 0),
(568, 44, 476, '2017-02-26 17:29:46', '經典台灣茶(冰)', '日月潭阿薩姆紅茶', 1, 25, 1, 0, 0, 0),
(569, 44, 477, '2017-02-26 17:30:11', '經典台灣茶(冰)', '黑金烏龍茶', 1, 35, 1, 0, 0, 0),
(570, 44, 478, '2017-02-26 17:30:18', '經典台灣茶(冰)', '田園六種茶', 1, 30, 1, 0, 0, 0),
(571, 44, 479, '2017-02-26 17:30:57', '經典台灣茶(冰)', '烏龍綠茶', 1, 25, 1, 0, 0, 0),
(572, 44, 479, '2017-02-26 17:30:57', '經典台灣茶(冰)', '田園六種茶', 1, 35, 1, 0, 0, 0),
(573, 44, 479, '2017-02-26 17:30:57', '經典台灣茶(冰)', '翡翠綠茶', 1, 25, 1, 0, 0, 0),
(574, 44, 480, '2017-02-26 17:31:49', '經典台灣茶(冰)', '黑金烏龍茶', 1, 35, 1, 0, 0, 0),
(575, 44, 481, '2017-02-26 17:33:05', '經典台灣茶(冰)', '烏龍綠茶', 1, 25, 1, 0, 0, 0),
(576, 44, 481, '2017-02-26 17:33:05', '經典台灣茶(冰)', '烏龍綠茶', 1, 25, 1, 0, 0, 0),
(577, 44, 482, '2017-02-26 17:33:26', '經典台灣茶(冰)', '烏龍綠茶', 1, 25, 1, 0, 0, 0),
(578, 44, 482, '2017-02-26 17:33:26', '經典台灣茶(冰)', '烏龍綠茶', 1, 35, 1, 0, 0, 0),
(579, 44, 482, '2017-02-26 17:33:26', '經典台灣茶(冰)', '黑豆馬卡龍', 1, 40, 1, 0, 0, 0),
(580, 44, 482, '2017-02-26 17:33:26', '經典台灣茶(冰)', '黑金烏龍茶', 1, 35, 1, 0, 0, 0),
(581, 44, 483, '2017-02-26 17:39:39', '經典台灣茶(冰)', '田園六種茶', 1, 30, 1, 0, 0, 0),
(582, 44, 483, '2017-02-26 17:39:39', '經典台灣茶(冰)', '田園六種茶', 1, 30, 1, 0, 0, 0),
(583, 44, 483, '2017-02-26 17:39:39', '經典台灣茶(冰)', '日月潭阿薩姆紅茶', 1, 25, 1, 0, 0, 0),
(584, 44, 483, '2017-02-26 17:39:39', '經典台灣茶(冰)', '紫米香茶', 1, 50, 1, 0, 0, 0),
(585, 44, 484, '2017-02-26 17:39:57', '經典台灣茶(冰)', '蟲咬過的紅茶', 1, 50, 1, 0, 0, 0),
(586, 44, 484, '2017-02-26 17:39:57', '經典台灣茶(冰)', '日月潭阿薩姆紅茶', 1, 25, 1, 0, 0, 0),
(587, 44, 484, '2017-02-26 17:39:57', '經典台灣茶(冰)', '翡翠綠茶', 1, 25, 1, 0, 0, 0),
(588, 44, 484, '2017-02-26 17:39:57', '經典台灣茶(冰)', '黑豆馬卡龍', 1, 50, 1, 0, 0, 0),
(589, 44, 485, '2017-02-26 17:42:27', '經典台灣茶(冰)', '黑豆馬卡龍', 1, 60, 1, 0, 0, 0),
(590, 44, 485, '2017-02-26 17:42:27', '經典台灣茶(冰)', '烏龍綠茶', 1, 25, 1, 0, 0, 0),
(591, 44, 485, '2017-02-26 17:42:27', '經典台灣茶(冰)', '黑金烏龍茶', 1, 35, 1, 0, 0, 0),
(592, 44, 486, '2017-02-26 17:43:15', '經典台灣茶(冰)', '米香茶', 1, 45, 1, 0, 0, 0),
(593, 44, 486, '2017-02-26 17:43:15', '經典台灣茶(冰)', '翡翠綠茶', 1, 25, 1, 0, 0, 0),
(594, 44, 486, '2017-02-26 17:43:15', '經典台灣茶(冰)', '日月潭阿薩姆紅茶', 1, 25, 1, 0, 0, 0),
(595, 44, 486, '2017-02-26 17:43:15', '經典台灣茶(冰)', '蟲咬過的紅茶', 1, 50, 1, 0, 0, 0),
(596, 44, 487, '2017-02-26 17:43:45', '經典台灣茶(冰)', '黑金烏龍茶', 1, 35, 1, 0, 0, 0),
(597, 44, 487, '2017-02-26 17:43:45', '經典台灣茶(冰)', '日月潭阿薩姆紅茶', 1, 25, 1, 0, 0, 0),
(598, 44, 487, '2017-02-26 17:43:45', '經典台灣茶(冰)', '蟲咬過的紅茶', 1, 50, 1, 0, 0, 0),
(599, 44, 488, '2017-02-26 17:44:21', '經典台灣茶(冰)', '黑金烏龍茶', 1, 35, 1, 0, 0, 0),
(600, 44, 488, '2017-02-26 17:44:21', '經典台灣茶(冰)', '米香茶', 1, 40, 1, 0, 0, 0),
(601, 44, 489, '2017-02-26 17:47:01', '經典台灣茶(冰)', '日月潭阿薩姆紅茶', 1, 25, 1, 0, 0, 0),
(602, 44, 489, '2017-02-26 17:47:01', '經典台灣茶(冰)', '翡翠綠茶', 1, 25, 1, 0, 0, 0),
(603, 44, 489, '2017-02-26 17:47:01', '經典台灣茶(冰)', '紫米香茶', 1, 30, 1, 0, 0, 0),
(604, 44, 490, '2017-02-26 17:47:21', '經典台灣茶(冰)', '翡翠綠茶', 1, 25, 1, 0, 0, 0),
(605, 44, 490, '2017-02-26 17:47:21', '經典台灣茶(冰)', '紫米香茶', 1, 30, 1, 0, 0, 0),
(606, 44, 490, '2017-02-26 17:47:21', '經典台灣茶(冰)', '米香茶', 1, 30, 1, 0, 0, 0),
(607, 44, 491, '2017-02-26 17:47:30', '經典台灣茶(冰)', '翡翠綠茶', 1, 25, 1, 0, 0, 0),
(608, 44, 491, '2017-02-26 17:47:30', '經典台灣茶(冰)', '翡翠綠茶', 1, 25, 1, 0, 0, 0),
(609, 44, 491, '2017-02-26 17:47:30', '經典台灣茶(冰)', '紫米香茶', 1, 30, 1, 0, 0, 0),
(610, 44, 491, '2017-02-26 17:47:30', '經典台灣茶(冰)', '四季青茶', 1, 35, 1, 0, 0, 0),
(611, 44, 492, '2017-02-26 17:47:48', '經典台灣茶(冰)', '米香茶', 1, 30, 1, 0, 0, 0),
(612, 44, 492, '2017-02-26 17:47:48', '經典台灣茶(冰)', '米香茶', 1, 30, 1, 0, 0, 0),
(613, 44, 492, '2017-02-26 17:47:48', '經典台灣茶(冰)', '四季青茶', 1, 25, 1, 0, 0, 0),
(614, 44, 493, '2017-02-26 17:50:42', '經典台灣茶(冰)', '日月潭阿薩姆紅茶', 1, 25, 1, 0, 0, 0),
(615, 44, 493, '2017-02-26 17:50:42', '經典台灣茶(冰)', '翡翠綠茶', 1, 25, 1, 0, 0, 0),
(616, 44, 494, '2017-02-26 17:51:13', '經典台灣茶(冰)', '紫米香茶', 1, 40, 1, 0, 0, 0),
(617, 44, 495, '2017-02-26 17:53:48', '經典台灣茶(冰)', '紫米香茶', 1, 30, 1, 0, 0, 0),
(618, 44, 496, '2017-02-26 17:54:02', '經典台灣茶(冰)', '米香茶', 1, 30, 1, 0, 0, 0),
(619, 44, 496, '2017-02-26 17:54:02', '經典台灣茶(冰)', '四季青茶', 1, 35, 1, 0, 0, 0),
(620, 44, 497, '2017-02-26 17:54:18', '經典台灣茶(冰)', '米香茶', 1, 30, 1, 0, 0, 0),
(621, 44, 497, '2017-02-26 17:54:18', '經典台灣茶(冰)', '米香茶', 1, 30, 1, 0, 0, 0),
(622, 44, 497, '2017-02-26 17:54:18', '經典台灣茶(冰)', '蕎麥綠茶', 1, 35, 1, 0, 0, 0),
(623, 44, 497, '2017-02-26 17:54:18', '經典台灣茶(冰)', '烏龍綠茶', 1, 35, 1, 0, 0, 0),
(624, 44, 498, '2017-02-26 17:54:38', '經典台灣茶(冰)', '翡翠綠茶', 1, 25, 1, 0, 0, 0),
(625, 44, 498, '2017-02-26 17:54:38', '經典台灣茶(冰)', '四季青茶', 1, 25, 1, 0, 0, 0),
(626, 44, 498, '2017-02-26 17:54:38', '經典台灣茶(冰)', '田園六種茶', 1, 50, 1, 0, 0, 0),
(627, 44, 499, '2017-02-26 17:55:16', '經典台灣茶(冰)', '翡翠綠茶', 1, 25, 1, 0, 0, 0),
(628, 44, 499, '2017-02-26 17:55:16', '經典台灣茶(冰)', '紫米香茶', 1, 30, 1, 0, 0, 0),
(629, 44, 499, '2017-02-26 17:55:16', '經典台灣茶(冰)', '田園六種茶', 1, 30, 1, 0, 0, 0),
(630, 44, 500, '2017-02-26 17:55:24', '經典台灣茶(冰)', '日月潭阿薩姆紅茶', 1, 25, 1, 0, 0, 0),
(631, 44, 500, '2017-02-26 17:55:24', '經典台灣茶(冰)', '田園六種茶', 1, 35, 1, 0, 0, 0);

-- --------------------------------------------------------

--
-- 資料表結構 `log_material`
--

CREATE TABLE `log_material` (
  `d_id` int(11) NOT NULL,
  `log_id` int(11) NOT NULL,
  `name` varchar(255) COLLATE utf8mb4_unicode_ci NOT NULL,
  `price` int(11) NOT NULL,
  `quantity` int(11) NOT NULL
) ENGINE=InnoDB DEFAULT CHARSET=utf8mb4 COLLATE=utf8mb4_unicode_ci;

-- --------------------------------------------------------

--
-- 資料表結構 `main`
--

CREATE TABLE `main` (
  `m_id` int(10) UNSIGNED NOT NULL,
  `name` char(50) CHARACTER SET utf8 COLLATE utf8_unicode_ci NOT NULL,
  `price` int(11) NOT NULL,
  `s_id` int(11) NOT NULL,
  `at_id` int(11) NOT NULL,
  `required_option` tinyint(1) NOT NULL,
  `order_num` int(11) NOT NULL
) ENGINE=InnoDB DEFAULT CHARSET=utf8 COLLATE=utf8_bin;

--
-- 資料表的匯出資料 `main`
--

INSERT INTO `main` (`m_id`, `name`, `price`, `s_id`, `at_id`, `required_option`, `order_num`) VALUES
(60, '阿里山清香烏龍', 70, 21, 35, 1, 10),
(61, '蟲咬過的紅茶', 50, 21, 35, 1, 9),
(62, '日月潭阿薩姆紅茶', 25, 21, 35, 1, 8),
(63, '四季青茶', 25, 21, 35, 1, 11),
(64, '黑金烏龍茶', 35, 21, 35, 1, 12),
(65, '烏龍綠茶', 25, 21, 35, 1, 7),
(66, '翡翠綠茶', 25, 21, 35, 1, 6),
(68, '蕎麥綠茶', 35, 21, 35, 1, 1),
(69, '米香茶', 30, 21, 35, 1, 3),
(70, '紫米香茶', 30, 21, 35, 1, 2),
(71, '田園六種茶', 30, 21, 35, 1, 0),
(72, '桂花綠茶', 30, 21, 35, 1, 4),
(73, '薄荷綠茶', 30, 21, 35, 1, 5),
(74, 'S活力五蔬果汁', 60, 22, 35, 0, 0),
(75, 'S蘋果鮮奶', 60, 22, 35, 0, 1),
(76, 'S蘋果多多', 55, 22, 0, 0, 2),
(77, 'S鳳梨多多', 50, 22, 35, 0, 3),
(78, 'S紅蘿蔔多多', 50, 22, 35, 0, 4),
(79, '拿鐵紅茶', 50, 23, 35, 1, 6),
(80, '拿鐵綠茶', 50, 23, 35, 1, 8),
(81, '拿鐵清茶', 50, 23, 35, 1, 7),
(83, '蕎麥鮮拿鐵', 55, 23, 35, 1, 1),
(84, '紫米鮮拿鐵', 55, 23, 35, 1, 2),
(85, '米香鮮拿鐵', 55, 23, 35, 1, 3),
(86, '田園鮮拿鐵', 55, 23, 35, 1, 0),
(87, '桂花鮮拿鐵', 55, 23, 35, 1, 4),
(88, '薄荷鮮拿鐵', 55, 23, 35, 1, 5),
(89, '經典奶茶(烏龍)', 40, 23, 35, 1, 10),
(90, '經典奶茶(翡翠)', 40, 23, 35, 1, 9),
(91, '葡萄柚多多', 65, 24, 35, 0, 16),
(92, '奇異果翡翠綠茶', 60, 24, 35, 1, 11),
(93, '奇異果四季青茶', 60, 24, 35, 1, 12),
(94, '蘋果青茶', 55, 24, 35, 1, 13),
(95, '鮮寧多多', 55, 24, 35, 1, 17),
(96, '葡萄柚綠茶', 50, 24, 35, 0, 15),
(97, '今鑽四季', 50, 24, 35, 0, 14),
(98, '綜合水果茶', 45, 24, 35, 1, 9),
(99, '養樂多綠茶', 45, 24, 35, 1, 10),
(100, '百香紅茶', 45, 24, 35, 1, 7),
(101, '百香綠茶', 45, 24, 35, 1, 6),
(102, '百香青茶', 45, 24, 35, 1, 8),
(103, '鮮檸紅茶', 45, 24, 35, 1, 4),
(104, '鮮檸綠茶', 45, 24, 35, 1, 3),
(105, '鮮檸清茶', 45, 24, 35, 1, 5),
(106, 'Q嫩仙草茶', 40, 24, 35, 1, 18),
(107, '香梅紅茶', 35, 24, 35, 1, 1),
(108, '香梅綠茶', 35, 24, 35, 1, 0),
(109, '香梅青茶', 35, 24, 35, 1, 2),
(110, '蜂蜜檸檬茶', 50, 30, 35, 0, 1),
(111, '純密紅茶', 50, 30, 35, 0, 2),
(112, '純密綠茶', 50, 30, 35, 0, 3),
(113, '純密茶', 50, 30, 35, 0, 0),
(114, '手做仙草蜜', 45, 30, 35, 0, 4),
(115, '蜂蜜檸檬水', 40, 30, 35, 0, 5),
(116, 'S黑咖啡', 40, 25, 0, 0, 2147483647),
(117, 'S焦糖黑咖啡', 45, 25, 0, 0, 2147483647),
(118, 'S拿鐵', 60, 25, 0, 0, 2147483647),
(119, 'S焦糖拿鐵', 65, 25, 0, 0, 2147483647),
(120, '綜合水果紅茶', 45, 26, 35, 1, 2147483647),
(121, '綜合水果青茶', 45, 26, 35, 1, 2147483647),
(122, '阿里山老薑茶', 40, 26, 0, 1, 2147483647),
(123, '桂圓紅棗茶', 40, 26, 0, 1, 2147483647),
(125, '阿里山清香烏龍', 70, 27, 35, 1, 0),
(126, '蟲咬過的紅茶', 50, 27, 35, 1, 1),
(127, '日月潭阿薩姆紅茶', 25, 27, 35, 1, 2),
(128, '四季青茶', 25, 27, 35, 1, 4),
(129, '黑金烏龍茶', 35, 27, 35, 1, 6),
(130, '烏龍綠茶', 25, 27, 35, 1, 5),
(131, '翡翠綠茶', 25, 27, 35, 1, 3),
(132, '黑豆馬卡龍', 40, 27, 35, 1, 7),
(133, '蕎麥綠茶', 35, 27, 35, 1, 11),
(134, '米香茶', 30, 27, 35, 1, 10),
(135, '紫米香茶', 30, 27, 35, 1, 9),
(136, '田園六種茶', 30, 27, 35, 1, 8),
(137, '桂花綠茶', 30, 27, 35, 1, 13),
(138, '薄荷綠茶', 30, 27, 35, 1, 12),
(139, '拿鐵紅茶', 50, 29, 35, 1, 0),
(140, '拿鐵綠茶', 50, 29, 35, 1, 1),
(141, '拿鐵清茶', 50, 29, 35, 1, 2),
(142, '仙草鮮奶凍', 50, 29, 35, 1, 9),
(143, '蕎麥鮮拿鐵', 55, 29, 35, 1, 8),
(144, '紫米鮮拿鐵', 55, 29, 35, 1, 7),
(145, '米香鮮拿鐵', 55, 29, 35, 1, 6),
(146, '田園鮮拿鐵', 55, 29, 35, 1, 5),
(147, '桂花鮮拿鐵', 55, 29, 35, 1, 4),
(148, '薄荷鮮拿鐵', 55, 29, 35, 1, 3),
(149, '經典奶茶(烏龍)', 40, 29, 35, 1, 11),
(150, '經典奶茶(翡翠)', 40, 29, 35, 1, 10),
(151, 'S黑咖啡', 40, 31, 0, 0, 2147483647),
(152, 'S焦糖黑咖啡', 45, 31, 0, 0, 2147483647),
(153, 'S拿鐵', 60, 31, 0, 0, 2147483647),
(154, 'S焦糖拿鐵', 65, 31, 0, 0, 2147483647),
(155, 'M活力五蔬果汁', 60, 22, 35, 0, 5),
(156, 'M蘋果鮮奶', 60, 22, 35, 0, 6),
(157, 'M蘋果多多', 55, 22, 0, 0, 7),
(158, 'M鳳梨多多', 50, 22, 35, 0, 8),
(159, 'M紅蘿蔔多多', 50, 22, 35, 0, 9),
(160, 'M黑咖啡', 40, 31, 0, 0, 2147483647),
(161, 'M焦糖黑咖啡', 45, 31, 0, 0, 2147483647),
(162, 'M拿鐵', 60, 31, 0, 0, 2147483647),
(163, 'M焦糖拿鐵', 65, 31, 0, 0, 2147483647),
(164, 'M黑咖啡', 40, 25, 0, 0, 2147483647),
(165, 'M焦糖黑咖啡', 45, 25, 0, 0, 2147483647),
(166, 'M拿鐵', 60, 25, 0, 0, 2147483647),
(167, 'M焦糖拿鐵', 65, 25, 0, 0, 2147483647),
(168, '紫米香茶', 60, 32, 0, 0, 2147483647),
(169, '田園六種茶', 60, 32, 0, 0, 2147483647),
(170, '蕎麥綠茶', 60, 32, 0, 0, 2147483647),
(171, '米香綠茶', 60, 32, 0, 0, 2147483647),
(172, '養身豆水', 60, 32, 0, 0, 2147483647),
(173, '打折', 0, 33, 0, 0, 0),
(174, '折價', 0, 33, 0, 0, 0);

-- --------------------------------------------------------

--
-- 資料表結構 `orders`
--

CREATE TABLE `orders` (
  `o_id` int(11) NOT NULL,
  `u_id` int(11) NOT NULL DEFAULT '1',
  `o_time` datetime NOT NULL,
  `o_utime` timestamp NOT NULL DEFAULT CURRENT_TIMESTAMP ON UPDATE CURRENT_TIMESTAMP,
  `o_estimate_time` datetime DEFAULT NULL,
  `table_num` int(11) NOT NULL,
  `people_num` int(11) NOT NULL COMMENT '本欄位無功能上之用途，但可作為統計與產生報表之用',
  `status` enum('CANCEL','WAIT','MAKING','DONE','ARCHIVE') COLLATE utf8_bin NOT NULL,
  `shop_id` int(11) NOT NULL,
  `in_or_out` int(11) NOT NULL
) ENGINE=InnoDB DEFAULT CHARSET=utf8 COLLATE=utf8_bin;

--
-- 資料表的匯出資料 `orders`
--

INSERT INTO `orders` (`o_id`, `u_id`, `o_time`, `o_utime`, `o_estimate_time`, `table_num`, `people_num`, `status`, `shop_id`, `in_or_out`) VALUES
(147, 44, '2016-12-11 06:00:34', '2016-12-11 06:16:25', NULL, 0, 1, 'CANCEL', 1, 0),
(148, 44, '2016-12-11 06:02:49', '2016-12-11 06:28:01', NULL, 0, 1, 'ARCHIVE', 1, 0),
(149, 44, '2016-12-11 06:15:24', '2017-01-12 11:38:42', NULL, 0, 1, 'CANCEL', 1, 0),
(150, 44, '2016-12-11 06:19:38', '2016-12-11 06:27:19', NULL, 0, 1, 'CANCEL', 1, 0),
(151, 44, '2016-12-11 06:21:39', '2016-12-11 06:27:22', NULL, 0, 1, 'CANCEL', 1, 0),
(152, 44, '2016-12-11 06:21:50', '2016-12-11 06:27:25', NULL, 0, 1, 'CANCEL', 1, 0),
(153, 44, '2016-12-11 16:14:21', '2017-01-12 11:38:38', NULL, 0, 1, 'CANCEL', 1, 0),
(154, 44, '2016-12-15 06:58:01', '2017-01-12 11:38:39', NULL, 0, 1, 'CANCEL', 1, 0),
(155, 44, '2017-01-11 12:02:19', '2017-01-12 11:38:37', NULL, 0, 1, 'CANCEL', 1, 0),
(156, 44, '2017-01-12 11:38:27', '2017-01-12 11:38:36', NULL, 0, 1, 'CANCEL', 1, 0),
(157, 44, '2017-01-12 11:38:52', '2017-01-13 10:24:52', NULL, 0, 1, 'CANCEL', 1, 0),
(158, 44, '2017-02-01 02:45:27', '2017-02-08 05:26:50', NULL, 0, 1, 'CANCEL', 1, 0),
(159, 44, '2017-02-07 05:47:28', '2017-02-08 05:26:52', NULL, 0, 1, 'CANCEL', 1, 0),
(160, 44, '2017-02-07 06:25:13', '2017-02-08 05:26:53', NULL, 0, 1, 'CANCEL', 1, 0),
(161, 44, '2017-02-07 06:25:28', '2017-02-08 05:26:55', NULL, 0, 1, 'CANCEL', 1, 0),
(162, 44, '2017-02-08 05:26:35', '2017-02-08 05:26:57', NULL, 0, 1, 'CANCEL', 1, 0),
(163, 44, '2017-02-08 05:29:43', '2017-02-08 07:43:51', NULL, 0, 1, 'CANCEL', 1, 0),
(164, 44, '2017-02-08 07:38:30', '2017-02-08 07:43:53', NULL, 0, 1, 'CANCEL', 1, 0),
(165, 44, '2017-02-08 07:39:13', '2017-02-08 07:43:55', NULL, 0, 1, 'CANCEL', 1, 0),
(166, 44, '2017-02-08 07:39:49', '2017-02-08 07:43:57', NULL, 0, 1, 'CANCEL', 1, 0),
(167, 44, '2017-02-08 07:43:08', '2017-02-08 07:44:10', NULL, 0, 1, 'CANCEL', 1, 0),
(168, 44, '2017-02-08 07:44:14', '2017-02-08 08:41:14', NULL, 0, 1, 'CANCEL', 1, 0),
(169, 44, '2017-02-08 07:49:43', '2017-02-08 08:41:19', NULL, 0, 1, 'CANCEL', 1, 0),
(170, 44, '2017-02-08 07:50:58', '2017-02-08 08:41:17', NULL, 0, 1, 'CANCEL', 1, 0),
(171, 44, '2017-02-08 07:51:28', '2017-02-08 08:41:20', NULL, 0, 1, 'CANCEL', 1, 0),
(172, 44, '2017-02-08 07:54:56', '2017-02-08 08:41:22', NULL, 0, 1, 'CANCEL', 1, 0),
(173, 44, '2017-02-08 08:19:06', '2017-02-08 08:41:23', NULL, 0, 1, 'CANCEL', 1, 0),
(174, 44, '2017-02-08 10:26:08', '2017-02-08 10:48:22', NULL, 0, 1, 'CANCEL', 1, 0),
(175, 44, '2017-02-08 10:26:47', '2017-02-08 10:48:23', NULL, 0, 1, 'CANCEL', 1, 0),
(176, 44, '2017-02-08 10:29:21', '2017-02-08 10:48:25', NULL, 0, 1, 'CANCEL', 1, 0),
(177, 44, '2017-02-08 10:50:25', '2017-02-24 15:57:36', NULL, 0, 1, 'ARCHIVE', 1, 0),
(178, 44, '2017-02-08 10:54:07', '2017-02-24 15:57:39', NULL, 0, 1, 'ARCHIVE', 1, 0),
(179, 43, '2017-02-21 22:37:55', '2017-02-24 15:57:47', NULL, 16, 2, 'ARCHIVE', 1, 0),
(180, 43, '2017-02-21 22:41:25', '2017-02-24 15:57:44', NULL, 16, 2, 'ARCHIVE', 1, 0),
(181, 43, '2017-02-21 22:42:08', '2017-02-24 15:57:49', NULL, 16, 2, 'ARCHIVE', 1, 0),
(182, 43, '2017-02-21 22:43:04', '2017-02-24 15:58:01', NULL, 16, 2, 'ARCHIVE', 1, 0),
(183, 43, '2017-02-21 22:43:43', '2017-02-24 15:58:00', NULL, 16, 2, 'ARCHIVE', 1, 0),
(184, 43, '2017-02-21 22:43:58', '2017-02-24 15:57:59', NULL, 16, 2, 'ARCHIVE', 1, 0),
(185, 43, '2017-02-21 22:44:12', '2017-02-24 15:57:59', NULL, 16, 2, 'ARCHIVE', 1, 0),
(186, 44, '2017-02-24 22:39:27', '2017-02-24 15:57:55', NULL, 16, 2, 'ARCHIVE', 1, 0),
(187, 44, '2017-02-24 22:42:59', '2017-02-24 15:57:55', NULL, 16, 2, 'ARCHIVE', 1, 0),
(188, 44, '2017-02-24 22:43:24', '2017-02-24 15:58:00', NULL, 16, 2, 'ARCHIVE', 1, 0),
(189, 44, '2017-02-24 23:57:30', '2017-02-24 15:58:26', NULL, 16, 2, 'ARCHIVE', 1, 0),
(190, 44, '2017-02-24 23:58:32', '2017-02-24 15:58:36', NULL, 16, 2, 'ARCHIVE', 1, 0),
(191, 44, '2017-02-25 00:07:54', '2017-02-24 16:24:56', NULL, 16, 2, 'ARCHIVE', 1, 0),
(192, 44, '2017-02-25 00:13:26', '2017-02-24 16:24:59', NULL, 16, 2, 'ARCHIVE', 1, 0),
(193, 44, '2017-02-25 00:18:34', '2017-02-24 16:25:01', NULL, 16, 2, 'ARCHIVE', 1, 0),
(194, 44, '2017-02-25 00:21:12', '2017-02-24 16:25:13', NULL, 16, 2, 'ARCHIVE', 1, 0),
(195, 44, '2017-02-25 00:24:51', '2017-02-24 16:25:27', NULL, 16, 2, 'ARCHIVE', 1, 0),
(196, 44, '2017-02-25 00:25:35', '2017-02-24 16:43:05', NULL, 16, 2, 'ARCHIVE', 1, 0),
(197, 44, '2017-02-25 00:26:20', '2017-02-24 16:43:02', NULL, 16, 2, 'ARCHIVE', 1, 0),
(198, 44, '2017-02-25 00:26:32', '2017-02-24 16:26:43', NULL, 16, 2, 'ARCHIVE', 1, 0),
(199, 44, '2017-02-25 00:27:43', '2017-02-24 16:27:48', NULL, 16, 2, 'ARCHIVE', 1, 0),
(200, 44, '2017-02-25 00:30:34', '2017-02-24 16:38:13', NULL, 16, 2, 'ARCHIVE', 1, 0),
(201, 44, '2017-02-25 00:34:05', '2017-02-24 16:38:15', NULL, 16, 2, 'ARCHIVE', 1, 0),
(202, 44, '2017-02-25 00:35:50', '2017-02-24 16:38:11', NULL, 16, 2, 'ARCHIVE', 1, 0),
(203, 44, '2017-02-25 00:38:06', '2017-02-24 16:43:01', NULL, 16, 2, 'ARCHIVE', 1, 0),
(204, 44, '2017-02-25 00:41:20', '2017-02-24 16:42:59', NULL, 16, 2, 'ARCHIVE', 1, 0),
(205, 44, '2017-02-25 00:42:42', '2017-02-24 16:50:01', NULL, 16, 2, 'ARCHIVE', 1, 0),
(206, 44, '2017-02-25 00:43:14', '2017-02-24 16:45:42', NULL, 16, 2, 'ARCHIVE', 1, 0),
(207, 44, '2017-02-25 00:47:17', '2017-02-24 16:47:30', NULL, 16, 2, 'ARCHIVE', 1, 0),
(208, 44, '2017-02-25 00:49:54', '2017-02-24 16:50:10', NULL, 16, 2, 'ARCHIVE', 1, 0),
(209, 44, '2017-02-25 00:52:02', '2017-02-24 16:52:13', NULL, 16, 2, 'ARCHIVE', 1, 0),
(210, 44, '2017-02-25 00:53:02', '2017-02-24 16:59:01', NULL, 16, 2, 'ARCHIVE', 1, 0),
(211, 44, '2017-02-25 00:55:55', '2017-02-24 16:56:13', NULL, 16, 2, 'ARCHIVE', 1, 0),
(212, 44, '2017-02-25 01:02:29', '2017-02-24 17:03:17', NULL, 16, 2, 'ARCHIVE', 1, 0),
(213, 44, '2017-02-25 01:03:56', '2017-02-24 17:04:01', NULL, 16, 2, 'ARCHIVE', 1, 0),
(214, 44, '2017-02-25 01:06:07', '2017-02-24 17:06:13', NULL, 16, 2, 'ARCHIVE', 1, 0),
(215, 44, '2017-02-25 01:07:00', '2017-02-24 17:07:13', NULL, 16, 2, 'ARCHIVE', 1, 0),
(216, 44, '2017-02-25 01:08:31', '2017-02-24 17:08:42', NULL, 16, 2, 'ARCHIVE', 1, 0),
(217, 44, '2017-02-25 01:26:18', '2017-02-24 17:26:37', NULL, 16, 2, 'ARCHIVE', 1, 0),
(218, 44, '2017-02-25 01:26:26', '2017-02-24 17:29:01', NULL, 16, 2, 'ARCHIVE', 1, 0),
(219, 44, '2017-02-25 01:27:27', '2017-02-24 17:37:37', NULL, 16, 2, 'CANCEL', 1, 0),
(220, 44, '2017-02-25 01:35:38', '2017-02-24 17:35:41', NULL, 16, 2, 'ARCHIVE', 1, 0),
(221, 44, '2017-02-25 02:06:23', '2017-02-24 18:06:37', NULL, 16, 2, 'ARCHIVE', 1, 0),
(222, 44, '2017-02-25 02:21:16', '2017-02-24 18:21:24', NULL, 16, 2, 'CANCEL', 1, 0),
(223, 44, '2017-02-25 07:36:46', '2017-02-25 01:37:12', NULL, 16, 2, 'ARCHIVE', 1, 0),
(224, 44, '2017-02-25 09:36:11', '2017-02-25 01:37:20', NULL, 16, 2, 'CANCEL', 1, 0),
(225, 44, '2017-02-25 09:43:08', '2017-02-25 01:53:41', NULL, 16, 2, 'ARCHIVE', 1, 0),
(226, 44, '2017-02-25 09:43:19', '2017-02-25 01:53:59', NULL, 16, 2, 'ARCHIVE', 1, 0),
(227, 44, '2017-02-25 09:43:42', '2017-02-25 01:53:47', NULL, 16, 2, 'ARCHIVE', 1, 0),
(228, 44, '2017-02-25 09:53:06', '2017-02-25 02:35:51', NULL, 16, 2, 'MAKING', 1, 0),
(229, 44, '2017-02-25 09:56:21', '2017-02-25 01:56:21', NULL, 16, 2, 'WAIT', 1, 0),
(230, 44, '2017-02-25 10:01:06', '2017-02-25 02:09:18', NULL, 16, 2, 'MAKING', 1, 0),
(231, 44, '2017-02-25 10:09:01', '2017-02-25 02:09:46', NULL, 16, 2, 'CANCEL', 1, 0),
(232, 44, '2017-02-25 10:35:01', '2017-02-25 02:35:01', NULL, 16, 2, 'WAIT', 1, 0),
(233, 44, '2017-02-25 11:09:04', '2017-02-25 03:09:04', NULL, 16, 2, 'WAIT', 1, 0),
(234, 44, '2017-02-25 11:51:42', '2017-02-25 03:51:42', NULL, 16, 2, 'WAIT', 1, 0),
(235, 44, '2017-02-25 11:59:43', '2017-02-25 03:59:43', NULL, 16, 2, 'WAIT', 1, 0),
(236, 44, '2017-02-25 12:00:11', '2017-02-25 04:00:11', NULL, 16, 2, 'WAIT', 1, 0),
(237, 44, '2017-02-25 12:00:23', '2017-02-25 04:00:23', NULL, 16, 2, 'WAIT', 1, 0),
(238, 44, '2017-02-25 23:43:06', '2017-02-25 15:43:06', NULL, 16, 2, 'WAIT', 1, 0),
(239, 44, '2017-02-25 23:43:37', '2017-02-25 15:43:37', NULL, 16, 2, 'WAIT', 1, 0),
(240, 44, '2017-02-25 23:44:03', '2017-02-25 15:44:03', NULL, 16, 2, 'WAIT', 1, 0),
(241, 44, '2017-02-25 23:46:30', '2017-02-25 15:46:30', NULL, 16, 2, 'WAIT', 1, 0),
(242, 44, '2017-02-25 23:47:19', '2017-02-25 15:47:19', NULL, 16, 2, 'WAIT', 1, 0),
(243, 44, '2017-02-25 23:59:54', '2017-02-25 15:59:54', NULL, 16, 2, 'WAIT', 1, 0),
(244, 44, '2017-02-26 00:00:29', '2017-02-25 16:00:29', NULL, 16, 2, 'WAIT', 1, 0),
(245, 44, '2017-02-26 00:01:24', '2017-02-25 16:01:24', NULL, 16, 2, 'WAIT', 1, 0),
(246, 44, '2017-02-26 00:01:38', '2017-02-25 16:01:38', NULL, 16, 2, 'WAIT', 1, 0),
(247, 44, '2017-02-26 00:04:16', '2017-02-25 16:04:16', NULL, 16, 2, 'WAIT', 1, 0),
(248, 44, '2017-02-26 00:05:31', '2017-02-25 16:05:31', NULL, 16, 2, 'WAIT', 1, 0),
(249, 44, '2017-02-26 00:23:37', '2017-02-25 16:23:37', NULL, 16, 2, 'WAIT', 1, 0),
(250, 44, '2017-02-26 00:24:00', '2017-02-25 16:24:00', NULL, 16, 2, 'WAIT', 1, 0),
(251, 44, '2017-02-26 00:24:31', '2017-02-25 16:24:31', NULL, 16, 2, 'WAIT', 1, 0),
(252, 44, '2017-02-26 00:24:57', '2017-02-25 16:24:57', NULL, 16, 2, 'WAIT', 1, 0),
(253, 44, '2017-02-26 00:26:11', '2017-02-25 16:26:11', NULL, 16, 2, 'WAIT', 1, 0),
(254, 44, '2017-02-26 00:27:36', '2017-02-25 16:27:36', NULL, 16, 2, 'WAIT', 1, 0),
(255, 44, '2017-02-26 00:28:35', '2017-02-25 16:28:35', NULL, 16, 2, 'WAIT', 1, 0),
(256, 44, '2017-02-26 00:29:06', '2017-02-25 16:29:06', NULL, 16, 2, 'WAIT', 1, 0),
(257, 44, '2017-02-26 01:26:59', '2017-02-25 17:26:59', NULL, 16, 2, 'WAIT', 1, 0),
(258, 44, '2017-02-26 01:37:43', '2017-02-25 17:37:43', NULL, 16, 2, 'WAIT', 1, 0),
(259, 44, '2017-02-26 01:38:00', '2017-02-25 17:38:00', NULL, 16, 2, 'WAIT', 1, 0),
(260, 44, '2017-02-26 01:49:22', '2017-02-25 17:49:22', NULL, 16, 2, 'WAIT', 1, 0),
(261, 44, '2017-02-26 01:53:15', '2017-02-25 17:53:15', NULL, 16, 2, 'WAIT', 1, 0),
(262, 44, '2017-02-26 01:54:05', '2017-02-25 17:54:05', NULL, 16, 2, 'WAIT', 1, 0),
(263, 44, '2017-02-26 01:55:40', '2017-02-25 17:55:40', NULL, 16, 2, 'WAIT', 1, 0),
(264, 44, '2017-02-26 01:55:53', '2017-02-25 17:55:53', NULL, 16, 2, 'WAIT', 1, 0),
(265, 44, '2017-02-26 01:57:30', '2017-02-25 17:57:30', NULL, 16, 2, 'WAIT', 1, 0),
(266, 44, '2017-02-26 01:58:18', '2017-02-25 17:58:18', NULL, 16, 2, 'WAIT', 1, 0),
(267, 44, '2017-02-26 01:58:36', '2017-02-25 17:58:36', NULL, 16, 2, 'WAIT', 1, 0),
(268, 44, '2017-02-26 02:03:24', '2017-02-25 18:03:24', NULL, 16, 2, 'WAIT', 1, 0),
(269, 44, '2017-02-26 02:14:40', '2017-02-25 18:14:40', NULL, 16, 2, 'WAIT', 1, 0),
(270, 44, '2017-02-26 02:21:14', '2017-02-25 18:21:14', NULL, 16, 2, 'WAIT', 1, 0),
(271, 44, '2017-02-26 02:33:26', '2017-02-25 18:33:26', NULL, 16, 2, 'WAIT', 1, 0),
(272, 44, '2017-02-26 02:33:53', '2017-02-25 18:33:53', NULL, 16, 2, 'WAIT', 1, 0),
(273, 44, '2017-02-26 02:35:37', '2017-02-25 18:35:37', NULL, 16, 2, 'WAIT', 1, 0),
(274, 44, '2017-02-26 02:36:29', '2017-02-25 18:36:29', NULL, 16, 2, 'WAIT', 1, 0),
(275, 44, '2017-02-26 02:37:29', '2017-02-25 18:37:29', NULL, 16, 2, 'WAIT', 1, 0),
(276, 44, '2017-02-26 02:39:58', '2017-02-25 18:39:58', NULL, 16, 2, 'WAIT', 1, 0),
(277, 44, '2017-02-26 10:20:33', '2017-02-26 02:20:33', NULL, 16, 2, 'WAIT', 1, 0),
(278, 44, '2017-02-26 10:28:15', '2017-02-26 02:28:15', NULL, 16, 2, 'WAIT', 1, 0),
(279, 44, '2017-02-26 10:28:47', '2017-02-26 02:28:47', NULL, 16, 2, 'WAIT', 1, 0),
(280, 44, '2017-02-26 10:28:58', '2017-02-26 02:28:58', NULL, 16, 2, 'WAIT', 1, 0),
(281, 44, '2017-02-26 11:02:31', '2017-02-26 03:02:31', NULL, 16, 2, 'WAIT', 1, 0),
(282, 44, '2017-02-26 11:04:50', '2017-02-26 03:04:50', NULL, 16, 2, 'WAIT', 1, 0),
(283, 44, '2017-02-26 11:07:10', '2017-02-26 03:07:10', NULL, 16, 2, 'WAIT', 1, 0),
(284, 44, '2017-02-26 11:08:39', '2017-02-26 03:08:39', NULL, 16, 2, 'WAIT', 1, 0),
(285, 44, '2017-02-26 11:12:42', '2017-02-26 03:12:42', NULL, 16, 2, 'WAIT', 1, 0),
(286, 44, '2017-02-26 11:13:07', '2017-02-26 03:13:07', NULL, 16, 2, 'WAIT', 1, 0),
(287, 44, '2017-02-26 11:14:15', '2017-02-26 03:14:15', NULL, 16, 2, 'WAIT', 1, 0),
(288, 44, '2017-02-26 11:29:43', '2017-02-26 03:29:43', NULL, 16, 2, 'WAIT', 1, 0),
(289, 44, '2017-02-26 11:29:51', '2017-02-26 03:29:51', NULL, 16, 2, 'WAIT', 1, 0),
(290, 44, '2017-02-26 11:36:41', '2017-02-26 03:36:41', NULL, 16, 2, 'WAIT', 1, 0),
(291, 44, '2017-02-26 11:36:49', '2017-02-26 03:36:49', NULL, 16, 2, 'WAIT', 1, 0),
(292, 44, '2017-02-26 11:37:50', '2017-02-26 03:37:50', NULL, 16, 2, 'WAIT', 1, 0),
(293, 44, '2017-02-26 11:38:50', '2017-02-26 03:38:50', NULL, 16, 2, 'WAIT', 1, 0),
(294, 44, '2017-02-26 11:39:07', '2017-02-26 03:39:07', NULL, 16, 2, 'WAIT', 1, 0),
(295, 44, '2017-02-26 11:39:42', '2017-02-26 03:39:42', NULL, 16, 2, 'WAIT', 1, 0),
(296, 44, '2017-02-26 12:11:37', '2017-02-26 04:11:37', NULL, 16, 2, 'WAIT', 1, 0),
(297, 44, '2017-02-26 12:12:28', '2017-02-26 04:12:28', NULL, 16, 2, 'WAIT', 1, 0),
(298, 44, '2017-02-26 12:13:36', '2017-02-26 04:13:36', NULL, 16, 2, 'WAIT', 1, 0),
(299, 44, '2017-02-26 12:42:02', '2017-02-26 04:42:02', NULL, 16, 2, 'WAIT', 1, 0),
(300, 44, '2017-02-26 12:42:27', '2017-02-26 04:42:27', NULL, 16, 2, 'WAIT', 1, 0),
(301, 44, '2017-02-26 12:45:43', '2017-02-26 04:45:43', NULL, 16, 2, 'WAIT', 1, 0),
(302, 44, '2017-02-26 12:46:03', '2017-02-26 04:46:03', NULL, 16, 2, 'WAIT', 1, 0),
(303, 44, '2017-02-26 12:46:31', '2017-02-26 04:46:31', NULL, 16, 2, 'WAIT', 1, 0),
(304, 44, '2017-02-26 12:53:09', '2017-02-26 04:53:09', NULL, 16, 2, 'WAIT', 1, 0),
(305, 44, '2017-02-26 12:54:32', '2017-02-26 04:54:32', NULL, 16, 2, 'WAIT', 1, 0),
(306, 44, '2017-02-26 12:54:41', '2017-02-26 04:54:41', NULL, 16, 2, 'WAIT', 1, 0),
(307, 44, '2017-02-26 13:00:29', '2017-02-26 05:00:29', NULL, 16, 2, 'WAIT', 1, 0),
(308, 44, '2017-02-26 13:00:54', '2017-02-26 05:00:54', NULL, 16, 2, 'WAIT', 1, 0),
(309, 44, '2017-02-26 13:01:14', '2017-02-26 05:01:14', NULL, 16, 2, 'WAIT', 1, 0),
(310, 44, '2017-02-26 13:03:38', '2017-02-26 05:03:38', NULL, 16, 2, 'WAIT', 1, 0),
(311, 44, '2017-02-26 13:04:13', '2017-02-26 05:04:13', NULL, 16, 2, 'WAIT', 1, 0),
(312, 44, '2017-02-26 13:04:21', '2017-02-26 05:04:21', NULL, 16, 2, 'WAIT', 1, 0),
(313, 44, '2017-02-26 13:05:00', '2017-02-26 05:05:00', NULL, 16, 2, 'WAIT', 1, 0),
(314, 44, '2017-02-26 13:05:26', '2017-02-26 05:05:26', NULL, 16, 2, 'WAIT', 1, 0),
(315, 44, '2017-02-26 13:05:43', '2017-02-26 05:05:43', NULL, 16, 2, 'WAIT', 1, 0),
(316, 44, '2017-02-26 13:05:48', '2017-02-26 05:05:48', NULL, 16, 2, 'WAIT', 1, 0),
(317, 44, '2017-02-26 13:06:30', '2017-02-26 05:06:30', NULL, 16, 2, 'WAIT', 1, 0),
(318, 44, '2017-02-26 13:09:31', '2017-02-26 05:09:31', NULL, 16, 2, 'WAIT', 1, 0),
(319, 44, '2017-02-26 13:10:33', '2017-02-26 05:10:33', NULL, 16, 2, 'WAIT', 1, 0),
(320, 44, '2017-02-26 13:14:46', '2017-02-26 05:14:46', NULL, 16, 2, 'WAIT', 1, 0),
(321, 44, '2017-02-26 13:15:21', '2017-02-26 05:15:21', NULL, 16, 2, 'WAIT', 1, 0),
(322, 44, '2017-02-26 13:16:33', '2017-02-26 05:16:33', NULL, 16, 2, 'WAIT', 1, 0),
(323, 44, '2017-02-26 13:17:20', '2017-02-26 05:17:20', NULL, 16, 2, 'WAIT', 1, 0),
(324, 44, '2017-02-26 13:18:22', '2017-02-26 05:18:22', NULL, 16, 2, 'WAIT', 1, 0),
(325, 44, '2017-02-26 13:20:16', '2017-02-26 05:20:16', NULL, 16, 2, 'WAIT', 1, 0),
(326, 44, '2017-02-26 13:21:04', '2017-02-26 05:21:04', NULL, 16, 2, 'WAIT', 1, 0),
(327, 44, '2017-02-26 13:25:57', '2017-02-26 05:25:57', NULL, 16, 2, 'WAIT', 1, 0),
(328, 44, '2017-02-26 13:26:42', '2017-02-26 05:26:42', NULL, 16, 2, 'WAIT', 1, 0),
(329, 44, '2017-02-26 13:29:10', '2017-02-26 05:29:10', NULL, 16, 2, 'WAIT', 1, 0),
(330, 44, '2017-02-26 13:29:20', '2017-02-26 05:29:20', NULL, 16, 2, 'WAIT', 1, 0),
(331, 44, '2017-02-26 13:30:38', '2017-02-26 05:30:38', NULL, 16, 2, 'WAIT', 1, 0),
(332, 44, '2017-02-26 13:31:14', '2017-02-26 05:31:14', NULL, 16, 2, 'WAIT', 1, 0),
(333, 44, '2017-02-26 13:31:33', '2017-02-26 05:31:33', NULL, 16, 2, 'WAIT', 1, 0),
(334, 44, '2017-02-26 13:32:36', '2017-02-26 05:32:36', NULL, 16, 2, 'WAIT', 1, 0),
(335, 44, '2017-02-26 13:32:53', '2017-02-26 05:32:53', NULL, 16, 2, 'WAIT', 1, 0),
(336, 44, '2017-02-26 13:33:20', '2017-02-26 05:33:20', NULL, 16, 2, 'WAIT', 1, 0),
(337, 44, '2017-02-26 13:33:26', '2017-02-26 05:33:26', NULL, 16, 2, 'WAIT', 1, 0),
(338, 44, '2017-02-26 13:40:43', '2017-02-26 05:40:43', NULL, 16, 2, 'WAIT', 1, 0),
(339, 44, '2017-02-26 13:40:47', '2017-02-26 05:40:47', NULL, 16, 2, 'WAIT', 1, 0),
(340, 44, '2017-02-26 13:41:05', '2017-02-26 05:41:05', NULL, 16, 2, 'WAIT', 1, 0),
(341, 44, '2017-02-26 13:43:44', '2017-02-26 05:43:44', NULL, 16, 2, 'WAIT', 1, 0),
(342, 44, '2017-02-26 13:47:53', '2017-02-26 05:47:53', NULL, 16, 2, 'WAIT', 1, 0),
(343, 44, '2017-02-26 13:48:16', '2017-02-26 05:48:16', NULL, 16, 2, 'WAIT', 1, 0),
(344, 44, '2017-02-26 13:48:57', '2017-02-26 05:48:57', NULL, 16, 2, 'WAIT', 1, 0),
(345, 44, '2017-02-26 13:52:52', '2017-02-26 05:52:52', NULL, 16, 2, 'WAIT', 1, 0),
(346, 44, '2017-02-26 13:57:29', '2017-02-26 05:57:29', NULL, 16, 2, 'WAIT', 1, 0),
(347, 44, '2017-02-26 13:58:12', '2017-02-26 05:58:12', NULL, 16, 2, 'WAIT', 1, 0),
(348, 44, '2017-02-26 13:58:58', '2017-02-26 05:58:58', NULL, 16, 2, 'WAIT', 1, 0),
(349, 44, '2017-02-26 14:03:30', '2017-02-26 06:03:30', NULL, 16, 2, 'WAIT', 1, 0),
(350, 44, '2017-02-26 14:04:50', '2017-02-26 06:04:50', NULL, 16, 2, 'WAIT', 1, 0),
(351, 44, '2017-02-26 14:05:05', '2017-02-26 06:05:05', NULL, 16, 2, 'WAIT', 1, 0),
(352, 44, '2017-02-26 14:05:42', '2017-02-26 06:05:42', NULL, 16, 2, 'WAIT', 1, 0),
(353, 44, '2017-02-26 14:06:26', '2017-02-26 06:06:26', NULL, 16, 2, 'WAIT', 1, 0),
(354, 44, '2017-02-26 14:06:45', '2017-02-26 06:06:45', NULL, 16, 2, 'WAIT', 1, 0),
(355, 44, '2017-02-26 14:07:31', '2017-02-26 06:07:31', NULL, 16, 2, 'WAIT', 1, 0),
(356, 44, '2017-02-26 14:08:53', '2017-02-26 06:08:53', NULL, 16, 2, 'WAIT', 1, 0),
(357, 44, '2017-02-26 14:09:46', '2017-02-26 06:09:46', NULL, 16, 2, 'WAIT', 1, 0),
(358, 44, '2017-02-26 14:09:56', '2017-02-26 06:09:56', NULL, 16, 2, 'WAIT', 1, 0),
(359, 44, '2017-02-26 14:13:33', '2017-02-26 06:13:33', NULL, 16, 2, 'WAIT', 1, 0),
(360, 44, '2017-02-26 14:14:51', '2017-02-26 06:14:51', NULL, 16, 2, 'WAIT', 1, 0),
(361, 44, '2017-02-26 14:17:55', '2017-02-26 06:17:55', NULL, 16, 2, 'WAIT', 1, 0),
(362, 44, '2017-02-26 14:18:03', '2017-02-26 06:18:03', NULL, 16, 2, 'WAIT', 1, 0),
(363, 44, '2017-02-26 14:22:18', '2017-02-26 06:22:18', NULL, 16, 2, 'WAIT', 1, 0),
(364, 44, '2017-02-26 14:29:26', '2017-02-26 06:29:26', NULL, 16, 2, 'WAIT', 1, 0),
(365, 44, '2017-02-26 14:30:23', '2017-02-26 06:30:23', NULL, 16, 2, 'WAIT', 1, 0),
(366, 44, '2017-02-26 14:33:56', '2017-02-26 06:33:56', NULL, 16, 2, 'WAIT', 1, 0),
(367, 44, '2017-02-26 14:35:09', '2017-02-26 06:35:09', NULL, 16, 2, 'WAIT', 1, 0),
(368, 44, '2017-02-26 14:35:30', '2017-02-26 06:35:30', NULL, 16, 2, 'WAIT', 1, 0),
(369, 44, '2017-02-26 14:35:42', '2017-02-26 06:35:42', NULL, 16, 2, 'WAIT', 1, 0),
(370, 44, '2017-02-26 14:47:51', '2017-02-26 06:47:51', NULL, 16, 2, 'WAIT', 1, 0),
(371, 44, '2017-02-26 14:48:14', '2017-02-26 06:48:14', NULL, 16, 2, 'WAIT', 1, 0),
(372, 44, '2017-02-26 14:52:11', '2017-02-26 06:52:11', NULL, 16, 2, 'WAIT', 1, 0),
(373, 44, '2017-02-26 14:52:43', '2017-02-26 06:52:43', NULL, 16, 2, 'WAIT', 1, 0),
(374, 44, '2017-02-26 14:53:53', '2017-02-26 06:53:53', NULL, 16, 2, 'WAIT', 1, 0),
(375, 44, '2017-02-26 14:54:37', '2017-02-26 06:54:37', NULL, 16, 2, 'WAIT', 1, 0),
(376, 44, '2017-02-26 14:57:26', '2017-02-26 06:57:26', NULL, 16, 2, 'WAIT', 1, 0),
(377, 44, '2017-02-26 14:58:04', '2017-02-26 06:58:04', NULL, 16, 2, 'WAIT', 1, 0),
(378, 44, '2017-02-26 14:58:13', '2017-02-26 06:58:13', NULL, 16, 2, 'WAIT', 1, 0),
(379, 44, '2017-02-26 14:59:23', '2017-02-26 06:59:23', NULL, 16, 2, 'WAIT', 1, 0),
(380, 44, '2017-02-26 15:01:24', '2017-02-26 07:01:24', NULL, 16, 2, 'WAIT', 1, 0),
(381, 44, '2017-02-26 15:02:15', '2017-02-26 07:02:15', NULL, 16, 2, 'WAIT', 1, 0),
(382, 44, '2017-02-26 15:14:54', '2017-02-26 07:14:54', NULL, 16, 2, 'WAIT', 1, 0),
(383, 44, '2017-02-26 15:23:48', '2017-02-26 07:23:48', NULL, 16, 2, 'WAIT', 1, 0),
(384, 44, '2017-02-26 15:25:56', '2017-02-26 07:25:56', NULL, 16, 2, 'WAIT', 1, 0),
(385, 44, '2017-02-26 15:26:09', '2017-02-26 07:26:09', NULL, 16, 2, 'WAIT', 1, 0),
(386, 44, '2017-02-26 15:26:16', '2017-02-26 07:26:16', NULL, 16, 2, 'WAIT', 1, 0),
(387, 44, '2017-02-26 15:28:57', '2017-02-26 07:28:57', NULL, 16, 2, 'WAIT', 1, 0),
(388, 44, '2017-02-26 15:30:28', '2017-02-26 07:30:28', NULL, 16, 2, 'WAIT', 1, 0),
(389, 44, '2017-02-26 15:33:51', '2017-02-26 07:33:51', NULL, 16, 2, 'WAIT', 1, 0),
(390, 44, '2017-02-26 15:35:19', '2017-02-26 07:35:19', NULL, 16, 2, 'WAIT', 1, 0),
(391, 44, '2017-02-26 15:37:49', '2017-02-26 07:37:49', NULL, 16, 2, 'WAIT', 1, 0),
(392, 44, '2017-02-26 15:38:37', '2017-02-26 07:38:37', NULL, 16, 2, 'WAIT', 1, 0),
(393, 44, '2017-02-26 15:40:14', '2017-02-26 07:40:14', NULL, 16, 2, 'WAIT', 1, 0),
(394, 44, '2017-02-26 15:41:50', '2017-02-26 07:41:50', NULL, 16, 2, 'WAIT', 1, 0),
(395, 44, '2017-02-26 15:43:15', '2017-02-26 07:43:15', NULL, 16, 2, 'WAIT', 1, 0),
(396, 44, '2017-02-26 15:43:48', '2017-02-26 07:43:48', NULL, 16, 2, 'WAIT', 1, 0),
(397, 44, '2017-02-26 15:44:37', '2017-02-26 07:44:37', NULL, 16, 2, 'WAIT', 1, 0),
(398, 44, '2017-02-26 15:44:57', '2017-02-26 07:44:57', NULL, 16, 2, 'WAIT', 1, 0),
(399, 44, '2017-02-26 15:45:16', '2017-02-26 07:45:16', NULL, 16, 2, 'WAIT', 1, 0),
(400, 44, '2017-02-26 15:46:56', '2017-02-26 07:46:56', NULL, 16, 2, 'WAIT', 1, 0),
(401, 44, '2017-02-26 15:47:31', '2017-02-26 07:47:31', NULL, 16, 2, 'WAIT', 1, 0),
(402, 44, '2017-02-26 15:50:09', '2017-02-26 07:50:09', NULL, 16, 2, 'WAIT', 1, 0),
(403, 44, '2017-02-26 15:52:58', '2017-02-26 07:52:58', NULL, 16, 2, 'WAIT', 1, 0),
(404, 44, '2017-02-26 15:53:45', '2017-02-26 07:53:45', NULL, 16, 2, 'WAIT', 1, 0),
(405, 44, '2017-02-26 15:58:28', '2017-02-26 07:58:28', NULL, 16, 2, 'WAIT', 1, 0),
(406, 44, '2017-02-26 15:58:47', '2017-02-26 07:58:47', NULL, 16, 2, 'WAIT', 1, 0),
(407, 44, '2017-02-26 16:00:00', '2017-02-26 08:00:00', NULL, 16, 2, 'WAIT', 1, 0),
(408, 44, '2017-02-26 16:01:22', '2017-02-26 08:01:22', NULL, 16, 2, 'WAIT', 1, 0),
(409, 44, '2017-02-26 16:06:05', '2017-02-26 08:06:05', NULL, 16, 2, 'WAIT', 1, 0),
(410, 44, '2017-02-26 16:06:48', '2017-02-26 08:06:48', NULL, 16, 2, 'WAIT', 1, 0),
(411, 44, '2017-02-26 16:06:54', '2017-02-26 08:06:54', NULL, 16, 2, 'WAIT', 1, 0),
(412, 44, '2017-02-26 16:09:47', '2017-02-26 08:09:47', NULL, 16, 2, 'WAIT', 1, 0),
(413, 44, '2017-02-26 16:10:53', '2017-02-26 08:10:53', NULL, 16, 2, 'WAIT', 1, 0),
(414, 44, '2017-02-26 16:11:06', '2017-02-26 08:11:06', NULL, 16, 2, 'WAIT', 1, 0),
(415, 44, '2017-02-26 16:11:41', '2017-02-26 08:11:41', NULL, 16, 2, 'WAIT', 1, 0),
(416, 44, '2017-02-26 16:12:36', '2017-02-26 08:12:36', NULL, 16, 2, 'WAIT', 1, 0),
(417, 44, '2017-02-26 16:14:21', '2017-02-26 08:14:21', NULL, 16, 2, 'WAIT', 1, 0),
(418, 44, '2017-02-26 16:16:27', '2017-02-26 08:16:27', NULL, 16, 2, 'WAIT', 1, 0),
(419, 44, '2017-02-26 16:17:35', '2017-02-26 08:17:35', NULL, 16, 2, 'WAIT', 1, 0),
(420, 44, '2017-02-26 16:18:49', '2017-02-26 08:18:49', NULL, 16, 2, 'WAIT', 1, 0),
(421, 44, '2017-02-26 16:20:24', '2017-02-26 08:20:24', NULL, 16, 2, 'WAIT', 1, 0),
(422, 44, '2017-02-26 16:24:23', '2017-02-26 08:24:23', NULL, 16, 2, 'WAIT', 1, 0),
(423, 44, '2017-02-26 16:24:49', '2017-02-26 08:24:49', NULL, 16, 2, 'WAIT', 1, 0),
(424, 44, '2017-02-26 16:25:36', '2017-02-26 08:25:36', NULL, 16, 2, 'WAIT', 1, 0),
(425, 44, '2017-02-26 16:27:25', '2017-02-26 08:27:25', NULL, 16, 2, 'WAIT', 1, 0),
(426, 44, '2017-02-26 16:31:01', '2017-02-26 08:31:01', NULL, 16, 2, 'WAIT', 1, 0),
(427, 44, '2017-02-26 16:32:31', '2017-02-26 08:32:31', NULL, 16, 2, 'WAIT', 1, 0),
(428, 44, '2017-02-26 16:33:31', '2017-02-26 08:33:31', NULL, 16, 2, 'WAIT', 1, 0),
(429, 44, '2017-02-26 16:34:32', '2017-02-26 08:34:32', NULL, 16, 2, 'WAIT', 1, 0),
(430, 44, '2017-02-26 16:35:48', '2017-02-26 08:35:48', NULL, 16, 2, 'WAIT', 1, 0),
(431, 44, '2017-02-26 16:36:35', '2017-02-26 08:36:35', NULL, 16, 2, 'WAIT', 1, 0),
(432, 44, '2017-02-26 16:36:46', '2017-02-26 08:36:46', NULL, 16, 2, 'WAIT', 1, 0),
(433, 44, '2017-02-26 16:37:10', '2017-02-26 08:37:10', NULL, 16, 2, 'WAIT', 1, 0),
(434, 44, '2017-02-26 16:37:19', '2017-02-26 08:37:19', NULL, 16, 2, 'WAIT', 1, 0),
(435, 44, '2017-02-26 16:38:27', '2017-02-26 08:38:27', NULL, 16, 2, 'WAIT', 1, 0),
(436, 44, '2017-02-26 16:38:34', '2017-02-26 08:38:34', NULL, 16, 2, 'WAIT', 1, 0),
(437, 44, '2017-02-26 16:39:44', '2017-02-26 08:39:44', NULL, 16, 2, 'WAIT', 1, 0),
(438, 44, '2017-02-26 16:39:58', '2017-02-26 08:39:58', NULL, 16, 2, 'WAIT', 1, 0),
(439, 44, '2017-02-26 16:40:50', '2017-02-26 08:40:50', NULL, 16, 2, 'WAIT', 1, 0),
(440, 44, '2017-02-26 16:41:16', '2017-02-26 08:41:16', NULL, 16, 2, 'WAIT', 1, 0),
(441, 44, '2017-02-26 16:44:15', '2017-02-26 08:44:15', NULL, 16, 2, 'WAIT', 1, 0),
(442, 44, '2017-02-26 16:44:58', '2017-02-26 08:44:58', NULL, 16, 2, 'WAIT', 1, 0),
(443, 44, '2017-02-26 16:51:27', '2017-02-26 08:51:27', NULL, 16, 2, 'WAIT', 1, 0),
(444, 44, '2017-02-26 16:54:04', '2017-02-26 08:54:04', NULL, 16, 2, 'WAIT', 1, 0),
(445, 44, '2017-02-26 16:54:16', '2017-02-26 08:54:16', NULL, 16, 2, 'WAIT', 1, 0),
(446, 44, '2017-02-26 16:54:58', '2017-02-26 08:54:58', NULL, 16, 2, 'WAIT', 1, 0),
(447, 44, '2017-02-26 16:55:56', '2017-02-26 08:55:56', NULL, 16, 2, 'WAIT', 1, 0),
(448, 44, '2017-02-26 16:56:42', '2017-02-26 08:56:42', NULL, 16, 2, 'WAIT', 1, 0),
(449, 44, '2017-02-26 16:57:29', '2017-02-26 08:57:29', NULL, 16, 2, 'WAIT', 1, 0),
(450, 44, '2017-02-26 16:58:28', '2017-02-26 08:58:28', NULL, 16, 2, 'WAIT', 1, 0),
(451, 44, '2017-02-26 17:00:41', '2017-02-26 09:00:41', NULL, 16, 2, 'WAIT', 1, 0),
(452, 44, '2017-02-26 17:01:20', '2017-02-26 09:01:20', NULL, 16, 2, 'WAIT', 1, 0),
(453, 44, '2017-02-26 17:02:04', '2017-02-26 09:02:04', NULL, 16, 2, 'WAIT', 1, 0),
(454, 44, '2017-02-26 17:07:46', '2017-02-26 09:07:46', NULL, 16, 2, 'WAIT', 1, 0),
(455, 44, '2017-02-26 17:07:58', '2017-02-26 09:07:58', NULL, 16, 2, 'WAIT', 1, 0),
(456, 44, '2017-02-26 17:08:13', '2017-02-26 09:08:13', NULL, 16, 2, 'WAIT', 1, 0),
(457, 44, '2017-02-26 17:08:57', '2017-02-26 09:08:57', NULL, 16, 2, 'WAIT', 1, 0),
(458, 44, '2017-02-26 17:09:48', '2017-02-26 09:09:48', NULL, 16, 2, 'WAIT', 1, 0),
(459, 44, '2017-02-26 17:09:59', '2017-02-26 09:09:59', NULL, 16, 2, 'WAIT', 1, 0),
(460, 44, '2017-02-26 17:17:16', '2017-02-26 09:17:16', NULL, 16, 2, 'WAIT', 1, 0),
(461, 44, '2017-02-26 17:17:45', '2017-02-26 09:17:45', NULL, 16, 2, 'WAIT', 1, 0),
(462, 44, '2017-02-26 17:17:53', '2017-02-26 09:17:53', NULL, 16, 2, 'WAIT', 1, 0),
(463, 44, '2017-02-26 17:18:24', '2017-02-26 09:18:24', NULL, 16, 2, 'WAIT', 1, 0),
(464, 44, '2017-02-26 17:18:46', '2017-02-26 09:18:46', NULL, 16, 2, 'WAIT', 1, 0),
(465, 44, '2017-02-26 17:19:08', '2017-02-26 09:19:08', NULL, 16, 2, 'WAIT', 1, 0),
(466, 44, '2017-02-26 17:20:18', '2017-02-26 09:20:18', NULL, 16, 2, 'WAIT', 1, 0),
(467, 44, '2017-02-26 17:21:20', '2017-02-26 09:21:20', NULL, 16, 2, 'WAIT', 1, 0),
(468, 44, '2017-02-26 17:22:48', '2017-02-26 09:22:48', NULL, 16, 2, 'WAIT', 1, 0),
(469, 44, '2017-02-26 17:22:57', '2017-02-26 09:22:57', NULL, 16, 2, 'WAIT', 1, 0),
(470, 44, '2017-02-26 17:25:01', '2017-02-26 09:25:01', NULL, 16, 2, 'WAIT', 1, 0),
(471, 44, '2017-02-26 17:25:28', '2017-02-26 09:25:28', NULL, 16, 2, 'WAIT', 1, 0),
(472, 44, '2017-02-26 17:26:12', '2017-02-26 09:26:12', NULL, 16, 2, 'WAIT', 1, 0),
(473, 44, '2017-02-26 17:26:41', '2017-02-26 09:26:41', NULL, 16, 2, 'WAIT', 1, 0),
(474, 44, '2017-02-26 17:26:59', '2017-02-26 09:26:59', NULL, 16, 2, 'WAIT', 1, 0),
(475, 44, '2017-02-26 17:27:10', '2017-02-26 09:27:10', NULL, 16, 2, 'WAIT', 1, 0),
(476, 44, '2017-02-26 17:29:46', '2017-02-26 09:29:46', NULL, 16, 2, 'WAIT', 1, 0),
(477, 44, '2017-02-26 17:30:11', '2017-02-26 09:30:11', NULL, 16, 2, 'WAIT', 1, 0),
(478, 44, '2017-02-26 17:30:18', '2017-02-26 09:30:18', NULL, 16, 2, 'WAIT', 1, 0),
(479, 44, '2017-02-26 17:30:57', '2017-02-26 09:30:57', NULL, 16, 2, 'WAIT', 1, 0),
(480, 44, '2017-02-26 17:31:49', '2017-02-26 09:31:49', NULL, 16, 2, 'WAIT', 1, 0),
(481, 44, '2017-02-26 17:33:05', '2017-02-26 09:33:05', NULL, 16, 2, 'WAIT', 1, 0),
(482, 44, '2017-02-26 17:33:26', '2017-02-26 09:33:26', NULL, 16, 2, 'WAIT', 1, 0),
(483, 44, '2017-02-26 17:39:39', '2017-02-26 09:39:39', NULL, 16, 2, 'WAIT', 1, 0),
(484, 44, '2017-02-26 17:39:57', '2017-02-26 09:39:57', NULL, 16, 2, 'WAIT', 1, 0),
(485, 44, '2017-02-26 17:42:27', '2017-02-26 09:42:27', NULL, 16, 2, 'WAIT', 1, 0),
(486, 44, '2017-02-26 17:43:15', '2017-02-26 09:43:15', NULL, 16, 2, 'WAIT', 1, 0),
(487, 44, '2017-02-26 17:43:45', '2017-02-26 09:43:45', NULL, 16, 2, 'WAIT', 1, 0),
(488, 44, '2017-02-26 17:44:21', '2017-02-26 09:44:21', NULL, 16, 2, 'WAIT', 1, 0),
(489, 44, '2017-02-26 17:47:01', '2017-02-26 09:47:01', NULL, 16, 2, 'WAIT', 1, 0),
(490, 44, '2017-02-26 17:47:21', '2017-02-26 09:47:21', NULL, 16, 2, 'WAIT', 1, 0),
(491, 44, '2017-02-26 17:47:30', '2017-02-26 09:47:30', NULL, 16, 2, 'WAIT', 1, 0),
(492, 44, '2017-02-26 17:47:48', '2017-02-26 09:47:48', NULL, 16, 2, 'WAIT', 1, 0),
(493, 44, '2017-02-26 17:50:42', '2017-02-26 09:50:42', NULL, 16, 2, 'WAIT', 1, 0),
(494, 44, '2017-02-26 17:51:13', '2017-02-26 09:51:13', NULL, 16, 2, 'WAIT', 1, 0),
(495, 44, '2017-02-26 17:53:48', '2017-02-26 09:53:48', NULL, 16, 2, 'WAIT', 1, 0),
(496, 44, '2017-02-26 17:54:02', '2017-02-26 09:54:02', NULL, 16, 2, 'WAIT', 1, 0),
(497, 44, '2017-02-26 17:54:18', '2017-02-26 09:54:18', NULL, 16, 2, 'WAIT', 1, 0),
(498, 44, '2017-02-26 17:54:38', '2017-02-26 09:54:38', NULL, 16, 2, 'WAIT', 1, 0),
(499, 44, '2017-02-26 17:55:16', '2017-02-26 09:55:16', NULL, 16, 2, 'WAIT', 1, 0),
(500, 44, '2017-02-26 17:55:24', '2017-02-26 09:55:24', NULL, 16, 2, 'WAIT', 1, 0);

-- --------------------------------------------------------

--
-- 資料表結構 `raw_material`
--

CREATE TABLE `raw_material` (
  `raw_id` int(11) NOT NULL,
  `raw_name` varchar(256) CHARACTER SET utf8 NOT NULL,
  `unit` varchar(256) CHARACTER SET utf8 NOT NULL
) ENGINE=InnoDB DEFAULT CHARSET=latin1;

--
-- 資料表的匯出資料 `raw_material`
--

INSERT INTO `raw_material` (`raw_id`, `raw_name`, `unit`) VALUES
(1, '綠茶葉', '公斤'),
(2, '紅茶葉', '公斤'),
(3, '吸管', '箱'),
(4, '杯蓋', '箱');

-- --------------------------------------------------------

--
-- 資料表結構 `required_option`
--

CREATE TABLE `required_option` (
  `ro_id` int(11) NOT NULL,
  `name` char(50) CHARACTER SET utf8 COLLATE utf8_unicode_ci NOT NULL,
  `m_id` int(11) NOT NULL,
  `at_id` int(11) NOT NULL
) ENGINE=InnoDB DEFAULT CHARSET=utf8 COLLATE=utf8_bin;

--
-- 資料表的匯出資料 `required_option`
--

INSERT INTO `required_option` (`ro_id`, `name`, `m_id`, `at_id`) VALUES
(53, '', 60, 44),
(54, '', 72, 44),
(55, '', 61, 44),
(56, '', 71, 44),
(57, '', 70, 44),
(58, '', 69, 44),
(59, '', 68, 44),
(61, '', 66, 44),
(62, '', 65, 44),
(63, '', 64, 44),
(64, '', 63, 44),
(65, '', 62, 44),
(66, '', 73, 44),
(74, '', 79, 44),
(75, '', 89, 44),
(76, '', 88, 44),
(77, '', 87, 44),
(78, '', 86, 44),
(79, '', 85, 44),
(80, '', 84, 44),
(81, '', 83, 44),
(82, '', 81, 44),
(83, '', 80, 44),
(84, '', 90, 44),
(86, '', 105, 43),
(87, '', 106, 43),
(88, '', 107, 43),
(89, '', 108, 43),
(90, '', 109, 43),
(96, '', 104, 43),
(97, '', 103, 43),
(98, '', 102, 43),
(99, '', 92, 43),
(100, '', 93, 43),
(101, '', 94, 43),
(102, '', 95, 43),
(105, '', 98, 43),
(106, '', 99, 43),
(107, '', 100, 43),
(110, '', 101, 43),
(115, '', 120, 42),
(116, '', 121, 42),
(117, '', 122, 42),
(118, '', 123, 42);

-- --------------------------------------------------------

--
-- 資料表結構 `series`
--

CREATE TABLE `series` (
  `s_id` int(11) NOT NULL,
  `order_num` int(30) NOT NULL,
  `name` char(50) CHARACTER SET utf8 COLLATE utf8_unicode_ci NOT NULL,
  `shop_id` int(11) NOT NULL
) ENGINE=InnoDB DEFAULT CHARSET=utf8 COLLATE=utf8_bin;

--
-- 資料表的匯出資料 `series`
--

INSERT INTO `series` (`s_id`, `order_num`, `name`, `shop_id`) VALUES
(21, 1, '經典台灣茶(熱)', 1),
(22, 2, '慢磨蔬果原汁(冰)', 1),
(23, 4, '牧場直送鮮奶(熱)', 1),
(24, 5, '鮮水果調茶(冰)', 1),
(25, 7, '研磨咖啡(熱)', 1),
(26, 9, '暖冬熱飲(熱)', 1),
(27, 0, '經典台灣茶(冰)', 1),
(29, 3, '牧場直送鮮奶(冰)', 1),
(30, 6, '純蜜系列(冰)', 1),
(31, 8, '研磨咖啡(冰)', 1),
(32, 2147483647, '茶包', 1),
(33, 0, '折扣', 0);

-- --------------------------------------------------------

--
-- 資料表結構 `sh-i_ai`
--

CREATE TABLE `sh-i_ai` (
  `sh-i_ai_id` int(11) NOT NULL,
  `sh-i_id` int(11) NOT NULL,
  `ai_id` int(11) NOT NULL,
  `is_ro` int(11) NOT NULL
) ENGINE=InnoDB DEFAULT CHARSET=utf8 COLLATE=utf8_unicode_ci;

--
-- 資料表的匯出資料 `sh-i_ai`
--

INSERT INTO `sh-i_ai` (`sh-i_ai_id`, `sh-i_id`, `ai_id`, `is_ro`) VALUES
(11, 8, 4, 1),
(12, 9, 6, 0),
(13, 9, 7, 1),
(14, 10, 2, 1),
(15, 10, 3, 1),
(16, 12, 3, 0),
(17, 14, 3, 0),
(18, 15, 6, 0),
(19, 16, 1, 0),
(20, 16, 2, 0),
(21, 18, 2, 0),
(22, 19, 3, 0),
(23, 21, 3, 0),
(24, 22, 1, 0),
(25, 22, 2, 0),
(26, 23, 6, 0),
(27, 24, 3, 1),
(28, 24, 6, 1),
(29, 25, 3, 1),
(30, 25, 6, 1),
(31, 26, 3, 1),
(32, 26, 7, 1),
(33, 27, 3, 1),
(34, 27, 6, 1),
(35, 28, 3, 1),
(36, 28, 7, 1),
(37, 29, 3, 1),
(38, 29, 6, 1),
(39, 30, 3, 1),
(40, 30, 7, 1),
(41, 31, 2, 0),
(42, 32, 3, 1),
(43, 32, 6, 1),
(44, 33, 3, 1),
(45, 33, 7, 1),
(46, 34, 3, 1),
(47, 34, 6, 1),
(48, 35, 3, 1),
(49, 35, 7, 1),
(50, 36, 2, 0),
(51, 37, 3, 1),
(52, 37, 6, 1),
(53, 38, 3, 1),
(54, 38, 7, 1),
(55, 39, 2, 0),
(56, 40, 3, 1),
(57, 40, 7, 1),
(58, 41, 5, 1),
(59, 41, 7, 1),
(60, 42, 3, 1),
(61, 42, 7, 1),
(62, 43, 5, 1),
(63, 43, 7, 1),
(64, 44, 1, 0),
(65, 44, 2, 0),
(66, 45, 1, 0),
(67, 45, 2, 0),
(68, 46, 1, 0),
(69, 46, 2, 0),
(70, 47, 3, 1),
(71, 47, 6, 1),
(72, 48, 5, 1),
(73, 48, 6, 1),
(74, 49, 1, 0),
(75, 49, 2, 0),
(76, 50, 3, 1),
(77, 50, 6, 1),
(78, 51, 5, 1),
(79, 51, 6, 1),
(80, 52, 3, 1),
(81, 52, 6, 1),
(82, 53, 3, 1),
(83, 55, 3, 1),
(84, 57, 1, 0),
(85, 57, 2, 0),
(86, 58, 3, 1),
(87, 58, 6, 1),
(88, 59, 1, 0),
(89, 59, 2, 0),
(90, 60, 2, 0),
(91, 61, 3, 1),
(92, 61, 7, 1),
(93, 62, 3, 1),
(94, 62, 6, 1),
(95, 63, 1, 0),
(96, 63, 2, 0),
(97, 64, 3, 1),
(98, 64, 6, 1),
(99, 65, 1, 0),
(100, 65, 2, 0),
(101, 66, 3, 1),
(102, 66, 6, 1),
(103, 67, 1, 0),
(104, 67, 2, 0),
(105, 68, 8, 0),
(106, 68, 3, 1),
(107, 69, 8, 0),
(108, 69, 3, 1),
(109, 70, 11, 0),
(110, 71, 8, 0),
(111, 72, 1, 0),
(112, 72, 2, 0),
(113, 73, 2, 0),
(114, 74, 2, 0),
(115, 75, 2, 0),
(116, 76, 3, 1),
(117, 76, 7, 1),
(118, 77, 1, 0),
(119, 77, 2, 0),
(120, 78, 3, 1),
(121, 78, 6, 1),
(122, 79, 1, 0),
(123, 79, 2, 0),
(124, 81, 3, 1),
(125, 81, 6, 1),
(126, 82, 3, 1),
(127, 82, 6, 1),
(128, 84, 3, 1),
(129, 84, 6, 1),
(130, 85, 3, 1),
(131, 85, 6, 1),
(132, 86, 2, 0),
(133, 87, 3, 1),
(134, 87, 6, 1),
(135, 88, 3, 1),
(136, 88, 6, 1),
(137, 89, 5, 1),
(138, 89, 6, 1),
(139, 90, 3, 1),
(140, 90, 6, 1),
(141, 91, 16, 1),
(142, 92, 19, 0),
(143, 92, 14, 1),
(144, 93, 14, 1),
(145, 94, 14, 1),
(146, 95, 18, 0),
(147, 95, 19, 0),
(148, 95, 14, 1),
(149, 96, 3, 1),
(150, 96, 6, 1),
(151, 97, 18, 0),
(152, 97, 19, 0),
(153, 97, 14, 1),
(154, 98, 3, 1),
(155, 98, 6, 1),
(156, 99, 14, 1),
(157, 100, 14, 1),
(158, 101, 3, 1),
(159, 101, 6, 1),
(160, 102, 14, 1),
(161, 103, 14, 1),
(162, 104, 3, 1),
(163, 104, 6, 1),
(164, 105, 14, 1),
(165, 106, 1, 0),
(166, 106, 2, 0),
(167, 107, 1, 0),
(168, 107, 2, 0),
(169, 109, 1, 0),
(170, 109, 2, 0),
(171, 111, 2, 0),
(172, 117, 22, 1),
(173, 119, 22, 1),
(174, 122, 1, 0),
(175, 122, 2, 0),
(176, 124, 22, 1),
(177, 137, 22, 1),
(178, 139, 22, 1),
(179, 140, 1, 0),
(180, 140, 2, 0),
(181, 141, 1, 0),
(182, 141, 2, 0),
(183, 142, 20, 0),
(184, 142, 22, 1),
(185, 143, 1, 0),
(186, 144, 1, 0),
(187, 144, 2, 0),
(188, 146, 1, 0),
(189, 146, 2, 0),
(190, 147, 23, 1),
(191, 148, 22, 1),
(192, 149, 22, 1),
(193, 150, 22, 1),
(194, 154, 1, 0),
(195, 154, 2, 0),
(196, 157, 22, 1),
(197, 159, 22, 1),
(198, 160, 1, 0),
(199, 160, 2, 0),
(200, 161, 22, 1),
(201, 164, 22, 1),
(202, 165, 22, 1),
(203, 166, 2, 0),
(204, 168, 23, 1),
(205, 172, 22, 1),
(206, 173, 23, 1),
(207, 175, 23, 1),
(208, 176, 1, 0),
(209, 176, 2, 0),
(210, 176, 29, 0),
(211, 177, 23, 1),
(212, 180, 1, 0),
(213, 180, 2, 0),
(214, 180, 29, 0),
(215, 181, 1, 0),
(216, 181, 29, 0),
(217, 181, 23, 1),
(218, 183, 23, 1),
(219, 185, 23, 1),
(220, 187, 23, 1),
(221, 188, 2, 0),
(222, 188, 29, 0),
(223, 190, 28, 1),
(224, 191, 28, 1),
(225, 192, 23, 1),
(226, 193, 28, 1),
(227, 194, 17, 0),
(228, 194, 18, 0),
(229, 194, 19, 0),
(230, 194, 23, 1),
(231, 195, 28, 1),
(232, 196, 20, 0),
(233, 196, 21, 0),
(234, 196, 27, 0),
(235, 197, 27, 0),
(236, 199, 20, 0),
(237, 199, 21, 0),
(238, 199, 27, 0),
(239, 201, 25, 0),
(240, 203, 23, 1),
(241, 205, 23, 1),
(242, 208, 25, 0),
(243, 210, 20, 0),
(244, 210, 21, 0),
(245, 210, 27, 0),
(246, 211, 23, 1),
(247, 212, 23, 1),
(248, 213, 20, 0),
(249, 213, 21, 0),
(250, 215, 46, 0),
(251, 215, 36, 1),
(252, 215, 40, 1),
(253, 215, 54, 1),
(254, 216, 45, 0),
(255, 216, 40, 1),
(256, 216, 53, 1),
(257, 216, 61, 1),
(258, 217, 46, 0),
(259, 217, 36, 1),
(260, 217, 40, 1),
(261, 217, 53, 1),
(262, 218, 46, 0),
(263, 218, 36, 1),
(264, 218, 40, 1),
(265, 218, 53, 1),
(266, 219, 36, 1),
(267, 219, 42, 1),
(268, 219, 55, 1),
(269, 220, 36, 1),
(270, 220, 40, 1),
(271, 220, 53, 1),
(272, 221, 48, 0),
(273, 221, 49, 0),
(274, 221, 50, 0),
(275, 221, 51, 0),
(276, 221, 36, 1),
(277, 221, 58, 1),
(278, 221, 60, 1),
(279, 222, 86, 1),
(280, 223, 86, 1),
(281, 224, 86, 1),
(282, 225, 86, 1),
(283, 226, 71, 0),
(284, 226, 72, 0),
(285, 226, 86, 1),
(286, 227, 86, 1),
(287, 228, 82, 1),
(288, 229, 71, 0),
(289, 229, 72, 0),
(290, 229, 86, 1),
(291, 230, 86, 1),
(292, 231, 82, 1),
(293, 232, 86, 1),
(294, 233, 82, 1),
(295, 234, 82, 1),
(296, 235, 86, 1),
(297, 236, 86, 1),
(298, 237, 84, 1),
(299, 238, 88, 0),
(300, 238, 86, 1),
(301, 239, 88, 0),
(302, 239, 86, 1),
(303, 240, 86, 1);

-- --------------------------------------------------------

--
-- 資料表結構 `share`
--

CREATE TABLE `share` (
  `sh_id` int(11) NOT NULL,
  `o_id` int(11) NOT NULL,
  `total` int(11) NOT NULL
) ENGINE=InnoDB DEFAULT CHARSET=utf8 COLLATE=utf8_bin;

--
-- 資料表的匯出資料 `share`
--

INSERT INTO `share` (`sh_id`, `o_id`, `total`) VALUES
(11, 21, 0),
(12, 22, 0),
(13, 23, 0),
(14, 24, 0),
(15, 25, 0),
(16, 26, 0),
(17, 27, 0),
(18, 28, 0),
(19, 29, 0),
(20, 30, 0),
(21, 31, 0),
(22, 32, 0),
(23, 33, 0),
(24, 34, 0),
(25, 35, 0),
(26, 36, 0),
(27, 37, 0),
(28, 38, 0),
(29, 39, 0),
(30, 40, 0),
(31, 41, 0),
(32, 42, 0),
(33, 43, 0),
(34, 44, 0),
(35, 45, 0),
(36, 46, 0),
(37, 47, 0),
(38, 48, 0),
(39, 49, 0),
(40, 50, 0),
(41, 51, 0),
(42, 52, 0),
(43, 53, 0),
(44, 54, 0),
(45, 55, 0),
(46, 56, 0),
(47, 57, 0),
(48, 58, 0),
(49, 59, 0),
(50, 60, 0),
(51, 61, 0),
(52, 62, 0),
(53, 63, 0),
(54, 64, 0),
(55, 65, 0),
(56, 66, 0),
(57, 67, 0),
(58, 68, 0),
(59, 69, 0),
(60, 70, 0),
(61, 71, 0),
(62, 72, 0),
(63, 73, 0),
(64, 74, 0),
(65, 75, 0),
(66, 76, 0),
(67, 77, 0),
(68, 78, 0),
(69, 79, 0),
(70, 80, 0),
(71, 81, 0),
(72, 82, 0),
(73, 83, 0),
(74, 84, 0),
(75, 85, 0),
(76, 86, 0),
(77, 87, 0),
(78, 88, 0),
(79, 89, 0),
(80, 90, 0),
(81, 91, 0),
(82, 92, 0),
(83, 93, 0),
(84, 94, 0),
(85, 95, 0),
(86, 96, 0),
(87, 97, 0),
(88, 98, 0),
(89, 99, 0),
(90, 100, 0),
(91, 101, 0),
(92, 102, 0),
(93, 103, 0),
(94, 104, 0),
(95, 105, 0),
(96, 106, 0),
(97, 107, 0),
(98, 108, 0),
(99, 109, 0),
(100, 110, 0),
(101, 111, 0),
(102, 112, 0),
(103, 113, 0),
(104, 114, 0),
(105, 115, 0),
(106, 116, 0),
(107, 117, 0),
(108, 118, 0),
(109, 119, 0),
(110, 120, 0),
(111, 121, 0),
(112, 122, 0),
(113, 123, 0),
(114, 124, 0),
(115, 125, 0),
(116, 126, 0),
(117, 127, 0),
(118, 128, 0),
(119, 129, 0),
(120, 130, 0),
(121, 131, 0),
(122, 132, 0),
(123, 133, 0),
(124, 134, 0),
(125, 135, 0),
(126, 136, 0),
(127, 137, 0),
(128, 138, 0),
(129, 139, 0),
(130, 140, 0),
(131, 141, 0),
(132, 142, 0),
(133, 143, 0),
(134, 144, 0),
(135, 145, 0),
(136, 146, 0),
(137, 147, 0),
(138, 148, 0),
(139, 149, 0),
(140, 150, 0),
(141, 151, 0),
(142, 152, 0),
(143, 153, 0),
(144, 154, 0),
(145, 155, 0),
(146, 156, 0),
(147, 157, 0),
(148, 159, 0),
(149, 160, 0),
(150, 162, 0),
(151, 163, 0),
(152, 164, 0),
(153, 165, 0),
(154, 166, 0),
(155, 167, 0),
(156, 168, 0),
(157, 169, 0),
(158, 170, 0),
(159, 171, 0),
(160, 172, 0),
(161, 173, 0),
(162, 174, 0),
(163, 175, 0),
(164, 176, 0),
(165, 177, 0),
(166, 178, 0),
(167, 179, 0),
(168, 180, 0),
(169, 181, 0),
(170, 182, 0),
(171, 183, 0),
(172, 184, 0),
(173, 185, 0),
(174, 186, 0),
(175, 187, 0),
(176, 188, 0),
(177, 189, 0),
(178, 190, 0),
(179, 191, 0),
(180, 192, 0),
(181, 193, 0),
(182, 194, 0),
(183, 195, 0),
(184, 196, 0),
(185, 197, 0),
(186, 198, 0),
(187, 199, 0),
(188, 200, 0),
(189, 201, 0),
(190, 202, 0),
(191, 203, 0),
(192, 204, 0),
(193, 205, 0),
(194, 206, 0),
(195, 207, 0),
(196, 208, 0),
(197, 209, 0),
(198, 210, 0),
(199, 211, 0),
(200, 212, 0),
(201, 213, 0),
(202, 214, 0),
(203, 215, 0),
(204, 216, 0),
(205, 217, 0),
(206, 218, 0),
(207, 219, 0),
(208, 220, 0),
(209, 221, 0),
(210, 222, 0),
(211, 223, 0),
(212, 224, 0),
(213, 225, 0),
(214, 226, 0),
(215, 227, 0),
(216, 228, 0),
(217, 229, 0),
(218, 230, 0),
(219, 231, 0),
(220, 232, 0),
(221, 233, 0),
(222, 234, 0),
(223, 235, 0),
(224, 236, 0),
(225, 237, 0),
(226, 238, 0),
(227, 239, 0),
(228, 240, 0),
(229, 241, 0),
(230, 242, 0),
(231, 243, 0),
(232, 244, 0),
(233, 245, 0),
(234, 246, 0),
(235, 247, 0),
(236, 248, 0),
(237, 249, 0),
(238, 250, 0),
(239, 251, 0),
(240, 252, 0),
(241, 253, 0),
(242, 254, 0),
(243, 255, 0),
(244, 256, 0),
(245, 257, 0),
(246, 258, 0),
(247, 259, 0),
(248, 260, 0),
(249, 261, 0),
(250, 262, 0),
(251, 263, 0),
(252, 264, 0),
(253, 265, 0),
(254, 266, 0),
(255, 267, 0),
(256, 268, 0),
(257, 269, 0),
(258, 270, 0),
(259, 271, 0),
(260, 272, 0),
(261, 273, 0),
(262, 274, 0),
(263, 275, 0),
(264, 276, 0),
(265, 277, 0),
(266, 278, 0),
(267, 279, 0),
(268, 280, 0),
(269, 281, 0),
(270, 282, 0),
(271, 283, 0),
(272, 284, 0),
(273, 285, 0),
(274, 286, 0),
(275, 287, 0),
(276, 288, 0),
(277, 289, 0),
(278, 290, 0),
(279, 291, 0),
(280, 292, 0),
(281, 293, 0),
(282, 294, 0),
(283, 295, 0),
(284, 296, 0),
(285, 297, 0),
(286, 298, 0),
(287, 299, 0),
(288, 300, 0),
(289, 301, 0),
(290, 302, 0),
(291, 303, 0),
(292, 304, 0),
(293, 305, 0),
(294, 306, 0),
(295, 307, 0),
(296, 308, 0),
(297, 309, 0),
(298, 310, 0),
(299, 311, 0),
(300, 312, 0),
(301, 313, 0),
(302, 314, 0),
(303, 315, 0),
(304, 316, 0),
(305, 317, 0),
(306, 318, 0),
(307, 319, 0),
(308, 320, 0),
(309, 321, 0),
(310, 322, 0),
(311, 323, 0),
(312, 324, 0),
(313, 325, 0),
(314, 326, 0),
(315, 327, 0),
(316, 328, 0),
(317, 329, 0),
(318, 330, 0),
(319, 331, 0),
(320, 332, 0),
(321, 333, 0),
(322, 334, 0),
(323, 335, 0),
(324, 336, 0),
(325, 337, 0),
(326, 338, 0),
(327, 339, 0),
(328, 340, 0),
(329, 341, 0),
(330, 342, 0),
(331, 343, 0),
(332, 344, 0),
(333, 345, 0),
(334, 346, 0),
(335, 347, 0),
(336, 348, 0),
(337, 349, 0),
(338, 350, 0),
(339, 351, 0),
(340, 352, 0),
(341, 353, 0),
(342, 354, 0),
(343, 355, 0),
(344, 356, 0),
(345, 357, 0),
(346, 358, 0),
(347, 359, 0),
(348, 360, 0),
(349, 361, 0),
(350, 362, 0),
(351, 363, 0),
(352, 364, 0),
(353, 365, 0),
(354, 366, 0),
(355, 367, 0),
(356, 368, 0),
(357, 369, 0),
(358, 370, 0),
(359, 371, 0),
(360, 372, 0),
(361, 373, 0),
(362, 374, 0),
(363, 375, 0),
(364, 376, 0),
(365, 377, 0),
(366, 378, 0),
(367, 379, 0),
(368, 380, 0),
(369, 381, 0),
(370, 382, 0),
(371, 383, 0),
(372, 384, 0),
(373, 385, 0),
(374, 386, 0),
(375, 387, 0),
(376, 388, 0),
(377, 389, 0),
(378, 390, 0),
(379, 391, 0),
(380, 392, 0),
(381, 393, 0),
(382, 394, 0),
(383, 395, 0),
(384, 396, 0),
(385, 397, 0),
(386, 398, 0),
(387, 399, 0),
(388, 400, 0),
(389, 401, 0),
(390, 402, 0),
(391, 403, 0),
(392, 404, 0),
(393, 405, 0),
(394, 406, 0),
(395, 407, 0),
(396, 408, 0),
(397, 409, 0),
(398, 410, 0),
(399, 411, 0),
(400, 412, 0),
(401, 413, 0),
(402, 414, 0),
(403, 415, 0),
(404, 416, 0),
(405, 417, 0),
(406, 418, 0),
(407, 419, 0),
(408, 420, 0),
(409, 421, 0),
(410, 422, 0),
(411, 423, 0),
(412, 424, 0),
(413, 425, 0),
(414, 426, 0),
(415, 427, 0),
(416, 428, 0),
(417, 429, 0),
(418, 430, 0),
(419, 431, 0),
(420, 432, 0),
(421, 433, 0),
(422, 434, 0),
(423, 435, 0),
(424, 436, 0),
(425, 437, 0),
(426, 438, 0),
(427, 439, 0),
(428, 440, 0),
(429, 441, 0),
(430, 442, 0),
(431, 443, 0),
(432, 444, 0),
(433, 445, 0),
(434, 446, 0),
(435, 447, 0),
(436, 448, 0),
(437, 449, 0),
(438, 450, 0),
(439, 451, 0),
(440, 452, 0),
(441, 453, 0),
(442, 454, 0),
(443, 455, 0),
(444, 456, 0),
(445, 457, 0),
(446, 458, 0),
(447, 459, 0),
(448, 460, 0),
(449, 461, 0),
(450, 462, 0),
(451, 463, 0),
(452, 464, 0),
(453, 465, 0),
(454, 466, 0),
(455, 467, 0),
(456, 468, 0),
(457, 469, 0),
(458, 470, 0),
(459, 471, 0),
(460, 472, 0),
(461, 473, 0),
(462, 474, 0),
(463, 475, 0),
(464, 476, 0),
(465, 477, 0),
(466, 478, 0),
(467, 479, 0),
(468, 480, 0),
(469, 481, 0),
(470, 482, 0),
(471, 483, 0),
(472, 484, 0),
(473, 485, 0),
(474, 486, 0),
(475, 487, 0),
(476, 488, 0),
(477, 489, 0),
(478, 490, 0),
(479, 491, 0),
(480, 492, 0),
(481, 493, 0),
(482, 494, 0),
(483, 495, 0),
(484, 496, 0),
(485, 497, 0),
(486, 498, 0),
(487, 499, 0),
(488, 500, 0);

-- --------------------------------------------------------

--
-- 資料表結構 `share_item`
--

CREATE TABLE `share_item` (
  `sh-i_id` int(11) NOT NULL,
  `sh_id` int(11) NOT NULL,
  `m_id` int(11) NOT NULL,
  `quantity` int(11) NOT NULL,
  `comment` varchar(100) COLLATE utf8_bin NOT NULL,
  `price` int(11) NOT NULL
) ENGINE=InnoDB DEFAULT CHARSET=utf8 COLLATE=utf8_bin;

--
-- 資料表的匯出資料 `share_item`
--

INSERT INTO `share_item` (`sh-i_id`, `sh_id`, `m_id`, `quantity`, `comment`, `price`) VALUES
(8, 11, 1, 1, '', 0),
(9, 11, 2, 1, 'heymt', 0),
(10, 11, 1, 1, 'hh', 0),
(11, 12, 0, 0, '', 0),
(12, 12, 2, 1, '', 0),
(13, 13, 0, 0, '', 0),
(14, 13, 2, 3, '', 0),
(15, 13, 2, 1, '', 0),
(16, 13, 1, 1, '', 0),
(17, 14, 0, 0, '', 0),
(18, 14, 1, 1, '', 0),
(19, 14, 2, 1, '', 0),
(20, 15, 0, 0, '', 0),
(21, 15, 2, 4, '', 0),
(22, 15, 1, 2, '', 0),
(23, 15, 2, 1, '', 0),
(24, 16, 2, 1, '', 0),
(25, 17, 2, 2, '', 0),
(26, 17, 2, 1, '', 0),
(27, 18, 2, 2, '', 0),
(28, 18, 2, 1, '', 0),
(29, 18, 2, 2, '', 0),
(30, 18, 2, 1, '', 0),
(31, 18, 1, 1, '', 0),
(32, 19, 2, 2, '', 0),
(33, 19, 2, 1, '', 0),
(34, 19, 2, 2, '', 0),
(35, 19, 2, 1, '', 0),
(36, 19, 1, 1, '', 0),
(37, 19, 2, 2, '', 0),
(38, 19, 2, 1, '', 0),
(39, 19, 1, 1, '', 0),
(40, 20, 2, 1, '', 0),
(41, 20, 2, 1, '', 0),
(42, 21, 2, 1, '', 0),
(43, 21, 2, 1, '', 0),
(44, 21, 1, 1, '', 0),
(45, 22, 1, 1, '', 0),
(46, 23, 1, 1, '', 0),
(47, 23, 2, 1, '', 0),
(48, 23, 2, 1, '', 0),
(49, 24, 1, 1, '', 0),
(50, 24, 2, 1, '', 0),
(51, 24, 2, 1, '', 0),
(52, 24, 2, 1, '', 0),
(53, 25, 2, 2, '', 0),
(54, 25, 1, 1, '', 0),
(55, 26, 2, 2, '', 0),
(56, 26, 1, 1, '', 0),
(57, 26, 1, 1, '', 0),
(58, 27, 2, 1, '', 0),
(59, 27, 1, 2, '', 0),
(60, 28, 1, 1, '', 0),
(61, 28, 2, 5, '', 0),
(62, 29, 2, 1, 'hiiii', 0),
(63, 30, 1, 1, '', 0),
(64, 31, 2, 1, '', 0),
(65, 32, 1, 10, '', 0),
(66, 33, 2, 3, '', 0),
(67, 33, 1, 1, '', 0),
(68, 34, 20, 1, '', 0),
(69, 35, 22, 1, '', 0),
(70, 35, 19, 1, '', 0),
(71, 36, 5, 1, '', 0),
(72, 37, 1, 3, '', 0),
(73, 38, 1, 7, '', 0),
(74, 39, 1, 1, '', 0),
(75, 40, 1, 1, 'test', 0),
(76, 40, 2, 1, '', 0),
(77, 41, 1, 8, '', 0),
(78, 42, 2, 4, '', 0),
(79, 43, 1, 1, '', 0),
(80, 44, 1, 1, '', 0),
(81, 45, 2, 1, '', 0),
(82, 46, 2, 1, '', 0),
(83, 46, 1, 1, '', 0),
(84, 47, 2, 1, '', 0),
(85, 48, 2, 1, '', 0),
(86, 49, 1, 1, '', 0),
(87, 50, 2, 1, '', 0),
(88, 51, 2, 1, '', 0),
(89, 52, 2, 1, '', 0),
(90, 52, 2, 1, '', 0),
(91, 53, 23, 3, '', 0),
(92, 53, 25, 1, '', 0),
(93, 53, 23, 1, '', 0),
(94, 54, 23, 1, '', 0),
(95, 55, 25, 1, '', 0),
(96, 56, 2, 1, '', 0),
(97, 57, 25, 1, '', 0),
(98, 58, 2, 2, '', 0),
(99, 58, 23, 1, '', 0),
(100, 58, 25, 1, '', 0),
(101, 59, 2, 1, '', 0),
(102, 59, 23, 1, '', 0),
(103, 60, 23, 1, '', 0),
(104, 61, 2, 1, '', 0),
(105, 61, 25, 1, '', 0),
(106, 62, 27, 1, '', 0),
(107, 63, 27, 1, '', 0),
(108, 64, 28, 10, '', 0),
(109, 65, 27, 1, '', 0),
(110, 66, 28, 5, '', 0),
(111, 66, 27, 1, '', 0),
(112, 67, 28, 1, '', 0),
(113, 68, 28, 1, '', 0),
(114, 68, 27, 1, '', 0),
(115, 69, 28, 1, '', 0),
(116, 69, 27, 1, '', 0),
(117, 70, 29, 10, '', 0),
(118, 71, 28, 2, '', 0),
(119, 71, 29, 9, '', 0),
(120, 71, 27, 1, '', 0),
(121, 72, 28, 1, '', 0),
(122, 72, 27, 9, '', 0),
(123, 73, 27, 1, '', 0),
(124, 74, 29, 9, '', 0),
(125, 75, 27, 1, '', 0),
(126, 76, 27, 1, '', 0),
(127, 77, 30, 1, '', 0),
(128, 78, 27, 1, '', 0),
(129, 79, 27, 9, '', 0),
(130, 79, 28, 4, '', 0),
(131, 79, 30, 4, '', 0),
(132, 80, 27, 1, '', 0),
(133, 81, 27, 1, '', 0),
(134, 82, 27, 1, '', 0),
(135, 83, 27, 9, '', 0),
(136, 83, 28, 4, '', 0),
(137, 83, 29, 4, '', 0),
(138, 84, 27, 1, '', 0),
(139, 84, 29, 1, '', 0),
(140, 85, 27, 1, '', 0),
(141, 86, 30, 1, '', 0),
(142, 86, 29, 1, '', 0),
(143, 86, 27, 1, '不胡', 0),
(144, 87, 27, 1, '', 0),
(145, 87, 31, 1, '', 0),
(146, 87, 30, 1, '', 0),
(147, 87, 29, 1, '', 0),
(148, 88, 29, 1, '', 0),
(149, 89, 29, 1, '', 0),
(150, 90, 29, 9, '', 0),
(151, 90, 30, 9, '', 0),
(152, 90, 28, 9, '', 0),
(153, 91, 28, 7, '', 0),
(154, 91, 30, 1, '', 0),
(155, 92, 27, 5, '', 0),
(156, 93, 30, 1, '', 0),
(157, 93, 29, 1, '', 0),
(158, 94, 30, 1, '', 0),
(159, 95, 29, 9, '', 0),
(160, 96, 30, 8, '', 0),
(161, 96, 29, 5, '', 0),
(162, 97, 30, 6, '', 0),
(163, 98, 30, 1, '', 0),
(164, 98, 29, 1, '', 0),
(165, 99, 29, 1, '', 0),
(166, 99, 30, 2, '', 0),
(167, 99, 30, 1, '', 0),
(168, 100, 33, 4, '', 0),
(169, 101, 34, 1, '', 0),
(170, 102, 34, 1, '', 0),
(171, 102, 30, 5, '', 0),
(172, 103, 33, 2, '', 0),
(173, 104, 33, 1, '', 0),
(174, 105, 34, 1, '', 0),
(175, 106, 33, 1, '', 0),
(176, 107, 30, 1, '', 0),
(177, 108, 35, 1, '', 0),
(178, 108, 35, 1, '', 0),
(179, 109, 29, 1, '', 0),
(180, 110, 30, 1, '', 0),
(181, 110, 29, 1, '', 0),
(182, 111, 34, 10, '', 0),
(183, 112, 33, 1, '', 0),
(184, 112, 30, 1, '', 0),
(185, 112, 35, 1, '', 0),
(186, 112, 34, 1, '', 0),
(187, 112, 29, 1, '', 0),
(188, 113, 30, 5, '', 0),
(189, 113, 29, 4, '', 0),
(190, 114, 33, 1, '', 0),
(191, 115, 33, 1, 'defat', 0),
(192, 116, 33, 2, 'ddddd', 0),
(193, 117, 33, 2, 'null ', 0),
(194, 118, 33, 2, '11', 0),
(195, 119, 33, 2, '', 0),
(196, 120, 45, 6, '', 0),
(197, 121, 44, 1, '', 0),
(198, 122, 43, 1, '', 0),
(199, 123, 45, 1, '', 0),
(200, 124, 34, 1, '', 0),
(201, 124, 38, 1, '', 0),
(202, 125, 41, 3, '', 0),
(203, 125, 35, 7, '', 0),
(204, 125, 46, 4, '', 0),
(205, 125, 33, 9, '', 0),
(206, 125, 36, 16, '', 0),
(207, 125, 39, 1, '', 0),
(208, 125, 37, 7, '', 0),
(209, 126, 34, 3, '', 0),
(210, 127, 41, 1, '', 0),
(211, 128, 33, 6, '', 0),
(212, 129, 33, 3, '', 0),
(213, 129, 40, 1, '', 0),
(214, 130, 37, 3, '', 0),
(215, 131, 51, 10, '', 0),
(216, 132, 49, 2, '', 0),
(217, 133, 51, 2, '', 0),
(218, 134, 51, 2, '', 0),
(219, 135, 57, 1, '', 0),
(220, 136, 51, 1, '', 0),
(221, 136, 53, 2, '', 0),
(222, 137, 63, 8, '', 0),
(223, 137, 64, 5, '', 0),
(224, 138, 66, 50, '', 0),
(225, 138, 62, 8, '', 0),
(226, 139, 65, 1, '', 0),
(227, 139, 72, 1, '', 0),
(228, 139, 75, 1, '', 0),
(229, 139, 65, 1, '', 0),
(230, 139, 72, 1, '', 0),
(231, 139, 75, 1, '', 0),
(232, 140, 72, 1, '', 0),
(233, 141, 75, 1, '', 0),
(234, 141, 74, 1, '', 0),
(235, 141, 73, 1, '', 0),
(236, 142, 64, 50, '', 0),
(237, 143, 123, 1, '', 0),
(238, 144, 90, 20, '', 0),
(239, 144, 90, 20, '', 0),
(240, 144, 81, 4, '', 0),
(241, 145, 0, 0, '', 0),
(242, 145, 64, 1, '', 0),
(243, 145, 70, 1, '', 0),
(244, 146, 0, 0, '', 0),
(245, 146, 0, 0, '', 0),
(246, 146, 0, 0, '', 0),
(247, 146, 0, 0, '', 0),
(248, 146, 0, 0, '', 0),
(249, 146, 0, 0, '', 0),
(250, 146, 0, 0, '', 0),
(251, 146, 0, 0, '', 0),
(252, 146, 0, 0, '', 0),
(253, 146, 0, 0, '', 0),
(254, 146, 0, 0, '', 0),
(255, 146, 0, 0, '', 0),
(256, 146, 0, 0, '', 0),
(257, 146, 69, 56, '', 0),
(258, 146, 69, -1, '', 0),
(259, 146, 69, -1, '', 0),
(260, 146, 69, -1, '', 0),
(261, 146, 69, -1, '', 0),
(262, 146, 69, -1, '', 0),
(263, 146, 69, -1, '', 0),
(264, 146, 69, -1, '', 0),
(265, 146, 69, -1, '', 0),
(266, 146, 69, -1, '', 0),
(267, 146, 69, -1, '', 0),
(268, 146, 69, -1, '', 0),
(269, 147, 0, 0, '', 0),
(270, 147, 64, 1, '', 0),
(271, 147, 70, 1, '', 0),
(272, 147, 66, 1, '', 0),
(273, 147, 66, 1, '', 0),
(274, 147, 71, 1, '', 0),
(275, 147, 72, 1, '', 0),
(276, 147, 65, 1, '', 0),
(277, 147, 64, 1, '', 0),
(278, 147, 64, -1, '', 0),
(279, 147, 64, -1, '', 0),
(280, 147, 71, 1, '', 0),
(281, 147, 71, -1, '', 0),
(282, 148, 0, 0, '', 0),
(283, 148, 70, 1, '', 0),
(284, 149, 0, 0, '', 0),
(285, 149, 63, 1, '', 0),
(286, 149, 63, 1, '', 0),
(287, 149, 79, 1, '', 0),
(288, 149, 89, 1, '', 0),
(289, 149, 96, 1, '', 0),
(290, 149, 123, 1, '', 0),
(291, 149, 0, 0, '', 0),
(292, 149, 63, 1, '', 0),
(293, 149, 63, 1, '', 0),
(294, 149, 79, 1, '', 0),
(295, 149, 89, 1, '', 0),
(296, 149, 96, 1, '', 0),
(297, 149, 123, 1, '', 0),
(298, 150, 0, 0, '', 0),
(299, 150, 62, 1, '', 0),
(300, 151, 0, 0, '', 0),
(301, 151, 66, 1, '', 0),
(302, 152, 0, 0, '', 0),
(303, 152, 60, 1, '', 0),
(304, 152, 67, 1, '', 0),
(305, 152, 61, 1, '', 0),
(306, 152, 0, 0, '', 0),
(307, 152, 62, 6, '', 0),
(308, 152, 62, -1, '', 0),
(309, 153, 0, 0, '', 0),
(310, 153, 62, 6, '', 0),
(311, 153, 62, -1, '', 0),
(312, 154, 0, 0, '', 0),
(313, 154, 63, 6, '', 0),
(314, 154, 63, -1, '', 0),
(315, 154, 63, -1, '', 0),
(316, 155, 0, 0, '', 0),
(317, 155, 62, 6, '', 0),
(318, 155, 62, -1, '', 0),
(319, 156, 0, 0, '', 0),
(320, 156, 63, 7, '', 0),
(321, 156, 63, -1, '', 0),
(322, 157, 0, 0, '', 0),
(323, 157, 62, 6, '', 0),
(324, 157, 62, -1, '', 0),
(325, 158, 0, 0, '', 0),
(326, 158, 71, 1, '', 0),
(327, 158, 65, 1, '', 0),
(328, 158, 63, 1, '', 0),
(329, 158, 69, 1, '', 0),
(330, 158, 62, 1, '', 0),
(331, 158, 60, 1, '', 0),
(332, 158, 60, -1, '', 0),
(333, 159, 0, 0, '', 0),
(334, 159, 60, 1, '', 0),
(335, 159, 66, 1, '', 0),
(336, 159, 65, 1, '', 0),
(337, 159, 62, 1, '', 0),
(338, 159, 62, 1, '', 0),
(339, 159, 68, 1, '', 0),
(340, 159, 68, -1, '', 0),
(341, 160, 0, 0, '', 0),
(342, 160, 120, 1, '', 0),
(343, 161, 0, 0, '', 0),
(344, 161, 69, 1, '', 0),
(345, 161, 70, 1, '', 0),
(346, 161, 69, 1, '', 0),
(347, 161, 63, 1, '', 0),
(348, 161, 64, 1, '', 0),
(349, 161, 68, 1, '', 0),
(350, 161, 68, -1, '', 0),
(351, 161, 68, -1, '', 0),
(352, 162, 0, 0, '', 0),
(353, 162, 62, 6, '', 0),
(354, 162, 62, -1, '', 0),
(355, 163, 0, 0, '', 0),
(356, 163, 62, 1, '', 0),
(357, 163, 63, 1, '', 0),
(358, 163, 64, 1, '', 0),
(359, 163, 65, 1, '', 0),
(360, 163, 66, 1, '', 0),
(361, 163, 60, 1, '', 0),
(362, 163, 70, 1, '', 0),
(363, 163, 70, -1, '', 0),
(364, 164, 0, 0, '', 0),
(365, 164, 71, 1, '', 0),
(366, 164, 68, 2, '', 0),
(367, 164, 63, 3, '', 0),
(368, 164, 63, -1, '', 0),
(369, 164, 71, 1, '', 0),
(370, 164, 71, -1, '', 0),
(371, 165, 0, 0, '', 0),
(372, 165, 62, 6, '', 0),
(373, 165, 63, 1, '', 0),
(374, 165, 70, 1, '', 0),
(375, 165, 70, -1, '', 0),
(376, 166, 0, 0, '', 0),
(377, 166, 63, 5, '', 0),
(378, 166, 62, 3, '', 0),
(379, 166, 62, -1, '', 0),
(380, 167, 69, 1, '', 0),
(381, 168, 66, 1, '', 0),
(382, 169, 65, 1, '', 0),
(383, 170, 64, 1, '', 0),
(384, 171, 64, 1, '', 0),
(385, 172, 64, 1, '', 0),
(386, 173, 66, 1, '', 0),
(387, 174, 70, 1, ' 去冰', 0),
(388, 175, 60, 1, ' 珍珠 少糖', 0),
(389, 176, 60, 1, ' 珍珠 少糖', 0),
(390, 177, 111, 1, '', 0),
(391, 177, 111, 1, '', 0),
(392, 177, 111, 1, '', 0),
(393, 177, 111, 1, '', 0),
(394, 178, 71, 1, '', 0),
(395, 178, 64, 1, '', 0),
(396, 178, 64, 1, '', 0),
(397, 178, 64, 1, '', 0),
(398, 178, 70, 1, '', 0),
(399, 178, 63, 1, '', 0),
(400, 178, 63, -1, '', 0),
(401, 179, 72, 1, '', 0),
(402, 179, 136, 1, '', 0),
(403, 179, 125, 1, '', 0),
(404, 179, 125, 1, '', 0),
(405, 180, 60, 1, '', 0),
(406, 180, 125, 1, ' 仙草', 0),
(407, 180, 76, 1, ' 仙草 仙草 仙草', 0),
(408, 181, 76, 1, '', 0),
(409, 181, 76, 1, '', 0),
(410, 181, 76, 1, '', 0),
(411, 181, 76, 1, '', 0),
(412, 182, 71, 1, '', 0),
(413, 182, 71, 1, '', 0),
(414, 182, 71, 1, '', 0),
(415, 183, 65, 1, '', 0),
(416, 183, 65, 1, '', 0),
(417, 183, 65, 1, '', 0),
(418, 183, 65, 1, '', 0),
(419, 184, 65, 1, '', 0),
(420, 185, 70, 1, '', 0),
(421, 185, 70, 1, '', 0),
(422, 186, 65, 1, '', 0),
(423, 186, 65, 1, '', 0),
(424, 186, 65, 1, '', 0),
(425, 186, 65, 1, '', 0),
(426, 186, 65, 1, '', 0),
(427, 186, 65, 1, '', 0),
(428, 186, 65, 1, '', 0),
(429, 186, 65, 1, '', 0),
(430, 186, 65, 1, '', 0),
(431, 186, 65, 1, '', 0),
(432, 187, 71, 1, '', 0),
(433, 187, 71, 1, '', 0),
(434, 188, 63, 1, '', 0),
(435, 189, 66, 1, '', 0),
(436, 189, 66, 1, '', 0),
(437, 189, 66, 1, '', 0),
(438, 190, 66, 1, '', 0),
(439, 190, 66, 1, '', 0),
(440, 190, 66, 1, ' 少冰 仙草 椰果 椰果', 0),
(441, 191, 66, 1, '', 0),
(442, 191, 66, 1, '', 0),
(443, 191, 66, 1, ' 仙草 仙草 仙草', 0),
(444, 193, 70, 1, '', 30),
(445, 193, 70, 1, '', 30),
(446, 194, 66, 1, ' 椰果', 30),
(447, 194, 66, 1, '', 25),
(448, 194, 62, 1, ' 仙草 仙草', 35),
(449, 195, 71, 1, '', 30),
(450, 195, 71, 1, ' 仙草', 35),
(451, 195, 71, 1, ' 椰果', 35),
(452, 195, 71, 1, ' 仙草', 35),
(453, 195, 71, 1, ' 仙草 椰果', 40),
(454, 196, 66, 1, '', 25),
(455, 196, 66, 1, ' 仙草', 30),
(456, 196, 66, 1, '', 25),
(457, 196, 66, 1, ' 仙草 仙草', 35),
(458, 197, 71, 1, '', 30),
(459, 197, 71, 1, '', 30),
(460, 197, 71, 1, '', 30),
(461, 197, 71, 1, '', 30),
(462, 197, 71, 1, '', 30),
(463, 197, 71, 1, ' 仙草', 35),
(464, 197, 71, 1, '', 30),
(465, 197, 71, 1, ' 仙草 仙草 仙草 仙草 仙草', 55),
(466, 198, 71, 1, ' 少冰', 30),
(467, 198, 66, 1, ' 少冰', 25),
(468, 198, 62, 1, ' 仙草 仙草 仙草 仙草 半糖 椰果', 50),
(469, 199, 65, 1, '', 25),
(470, 199, 65, 1, '', 25),
(471, 199, 65, 1, '', 25),
(472, 199, 65, 1, '', 25),
(473, 200, 66, 1, '', 25),
(474, 200, 66, 1, '', 25),
(475, 201, 72, 1, '', 30),
(476, 201, 72, 1, '', 30),
(477, 201, 72, 1, '', 30),
(478, 202, 66, 1, '', 25),
(479, 202, 66, 1, '', 25),
(480, 202, 66, 1, '', 25),
(481, 203, 68, 1, '', 35),
(482, 203, 68, 1, '', 35),
(483, 203, 68, 1, ' 仙草 仙草 仙草', 50),
(484, 204, 66, 1, '', 25),
(485, 204, 66, 1, '', 25),
(486, 205, 65, 1, '熱', 25),
(487, 205, 65, 1, '熱', 25),
(488, 205, 132, 1, '冰', 40),
(489, 205, 136, 1, '冰', 30),
(490, 206, 133, 1, '冰', 35),
(491, 206, 132, 1, '冰', 40),
(492, 206, 76, 1, '冰', 55),
(493, 207, 75, 1, '冰', 60),
(494, 208, 118, 1, '熱', 60),
(495, 208, 118, 1, '熱', 60),
(496, 208, 118, 1, '熱', 60),
(497, 208, 87, 1, '熱', 55),
(498, 208, 80, 1, '熱', 50),
(499, 208, 111, 1, '冰', 50),
(500, 208, 112, 1, '冰', 50),
(501, 208, 112, -1, '冰', -50),
(502, 209, 71, 1, '熱', 30),
(503, 209, 63, 1, '熱 仙草', 30),
(504, 209, 70, 3, '熱 仙草', 35),
(505, 209, 69, 1, '熱 仙草', 35),
(506, 209, 63, -1, '熱 仙草', -30),
(507, 210, 64, 1, '熱', 35),
(508, 210, 70, 1, '熱', 30),
(509, 210, 69, 1, '熱 仙草', 35),
(510, 210, 69, 3, '熱', 30),
(511, 210, 62, 1, '熱 仙草 仙草', 35),
(512, 210, 69, -1, '熱', -30),
(513, 211, 70, 1, '熱', 30),
(514, 211, 70, 1, '熱', 30),
(515, 211, 70, 1, '熱', 30),
(516, 211, 70, 1, '熱', 30),
(517, 211, 70, 1, '熱', 30),
(518, 211, 70, 1, '熱', 30),
(519, 211, 70, -1, '熱', -30),
(520, 212, 75, 1, '冰 仙草', 65),
(521, 212, 75, 1, '冰 仙草', 65),
(522, 212, 76, 1, '冰', 55),
(523, 212, 77, 1, '冰 椰果', 55),
(524, 212, 77, 5, '冰', 50),
(525, 212, 77, -1, '冰', -50),
(526, 212, 75, 1, '冰 仙草', 65),
(527, 212, 75, 1, '冰 仙草', 65),
(528, 212, 76, 1, '冰', 55),
(529, 212, 77, 1, '冰 椰果', 55),
(530, 212, 77, 5, '冰', 50),
(531, 212, 77, -1, '冰', -50),
(532, 213, 109, 1, '冰', 35),
(533, 213, 102, 1, '冰', 45),
(534, 214, 107, 1, '冰', 35),
(535, 215, 104, 1, '冰', 45),
(536, 215, 98, 1, '冰', 45),
(537, 215, 94, 1, '冰', 55),
(538, 215, 95, 1, '冰', 55),
(539, 215, 102, 1, '冰', 45),
(540, 215, 106, 1, '冰', 40),
(541, 215, 99, 1, '冰', 45),
(542, 215, 106, -1, '冰', -40),
(543, 216, 63, 1, '熱', 25),
(544, 216, 63, 1, '熱', 25),
(545, 216, 63, 1, '熱', 25),
(546, 216, 64, 1, '熱', 35),
(547, 216, 69, 1, '熱', 30),
(548, 216, 69, 1, '熱', 30),
(549, 216, 63, -1, '熱', -25),
(550, 217, 128, 4, '冰 半糖 少冰', 25),
(551, 217, 131, 2, '冰 半糖 去冰', 25),
(552, 217, 91, 1, '冰 半糖 少冰', 65),
(553, 217, 131, -1, '冰 半糖 去冰', -25),
(554, 218, 122, 2, '熱', 40),
(555, 218, 95, 1, '冰 半糖', 55),
(556, 218, 136, 1, '冰 無糖 去冰', 30),
(557, 218, 142, 1, '冰 少冰', 50),
(558, 218, 153, 1, '冰 半糖', 60),
(559, 218, 119, 1, '熱', 65),
(560, 218, 110, 1, '冰', 50),
(561, 218, 137, 1, '冰', 30),
(562, 218, 137, -1, '冰', -30),
(563, 219, 132, 1, '冰 半糖', 40),
(564, 219, 89, 1, '熱', 40),
(565, 219, 61, 1, '熱', 50),
(566, 219, 131, 1, '冰', 25),
(567, 219, 135, 1, '冰 半糖 去冰', 30),
(568, 219, 113, 1, '冰', 50),
(569, 219, 121, 1, '熱', 45),
(570, 219, 99, 1, '冰 少冰', 45),
(571, 219, 86, 2, '熱 微糖', 55),
(572, 219, 137, 1, '冰 微糖 去冰', 30),
(573, 219, 69, 1, '熱', 30),
(574, 219, 131, -1, '冰', -25),
(575, 219, 69, -1, '熱', -30),
(576, 220, 62, 1, '熱 微冰 少糖', 25),
(577, 220, 62, 1, '熱', 25),
(578, 220, 65, 1, '熱', 25),
(579, 220, 66, 1, '熱', 25),
(580, 220, 66, 1, '熱', 25),
(581, 220, 62, 1, '熱 微冰 少糖', 25),
(582, 220, 62, 1, '熱', 25),
(583, 220, 65, 1, '熱', 25),
(584, 220, 66, 1, '熱', 25),
(585, 220, 66, 1, '熱', 25),
(586, 221, 128, 1, '3 微糖', 25),
(587, 222, 80, 1, '3 微糖', 50),
(588, 222, 118, 1, '0 微糖 少冰', 60),
(589, 222, 78, 1, '3 去冰', 50),
(590, 222, 98, 1, '3 微冰', 45),
(591, 222, 112, 1, '3 少冰', 50),
(592, 222, 132, 1, '3 無糖', 40),
(593, 222, 132, -1, '3 無糖', -40),
(594, 223, 128, 1, '3 半糖', 25),
(595, 223, 135, 1, '3 微糖 去冰', 30),
(596, 223, 144, 1, '3 少糖', 55),
(597, 223, 98, 1, '3 少冰', 45),
(598, 223, 92, 1, '3', 60),
(599, 223, 104, 1, '3 少糖', 45),
(600, 223, 153, 1, '0', 60),
(601, 223, 128, -1, '3 半糖', -25),
(602, 224, 152, 1, '0', 45),
(603, 224, 153, 1, '0', 60),
(604, 224, 151, 1, '0', 40),
(605, 224, 153, 1, '0', 60),
(606, 224, 151, 1, '0', 40),
(607, 224, 153, 1, '0', 60),
(608, 224, 151, -1, '0', -40),
(609, 225, 105, 1, '3', 45),
(610, 225, 65, 5, '3', 25),
(611, 225, 112, 5, '3', 50),
(612, 225, 112, 1, '3', 50),
(613, 225, 65, -1, '3', -25),
(614, 225, 65, -1, '3', -25),
(615, 226, 134, 1, '冰', 30),
(616, 226, 134, 1, '冰', 30),
(617, 227, 132, 1, '冰', 40),
(618, 227, 132, 1, '冰', 40),
(619, 228, 132, 1, '冰', 40),
(620, 228, 132, 1, '冰', 40),
(621, 229, 132, 1, '冰', 40),
(622, 230, 129, 1, '冰', 35),
(623, 231, 132, 1, '冰', 40),
(624, 231, 132, 1, '冰', 40),
(625, 232, 132, 1, '冰', 40),
(626, 233, 135, 1, '冰', 30),
(627, 233, 135, 1, '冰', 30),
(628, 234, 127, 1, '冰', 25),
(629, 234, 131, 1, '冰微糖', 25),
(630, 234, 135, 1, '冰', 30),
(631, 234, 128, 1, '冰微糖微糖微糖', 25),
(632, 235, 135, 1, '冰', 30),
(633, 236, 128, 1, '冰', 25),
(634, 236, 128, 1, '冰', 25),
(635, 236, 128, 1, '冰', 25),
(636, 236, 134, 1, '冰', 30),
(637, 236, 133, 1, '冰', 35),
(638, 236, 130, 1, '冰', 0),
(639, 237, 133, 1, '冰', 35),
(640, 237, 133, 1, '冰', 35),
(641, 238, 128, 1, '冰', 25),
(642, 239, 131, 1, '冰', 25),
(643, 240, 127, 1, '冰', 25),
(644, 241, 135, 1, '冰', 30),
(645, 242, 135, 1, '冰', 30),
(646, 243, 127, 1, '冰', 25),
(647, 243, 127, 1, '冰', 25),
(648, 244, 134, 1, '冰', 30),
(649, 244, 134, 1, '冰', 30),
(650, 245, 133, 1, '冰', 35),
(651, 245, 133, 1, '冰', 35),
(652, 246, 133, 1, '冰', 35),
(653, 247, 133, 1, '冰', 35),
(654, 248, 130, 1, '冰', 25),
(655, 249, 128, 1, '冰', 25),
(656, 250, 136, 1, '冰', 30),
(657, 251, 131, 1, '冰', 25),
(658, 252, 127, 1, '冰', 25),
(659, 252, 127, 1, '冰', 25),
(660, 252, 127, 1, '冰', 25),
(661, 253, 135, 1, '冰', 30),
(662, 254, 136, 1, '冰', 30),
(663, 255, 135, 1, '冰', 30),
(664, 256, 130, 1, '冰', 25),
(665, 257, 131, 1, '冰', 25),
(666, 258, 135, 1, '冰', 30),
(667, 259, 136, 1, '冰', 30),
(668, 260, 131, 1, '冰', 25),
(669, 261, 135, 1, '冰', 30),
(670, 262, 135, 1, '冰', 30),
(671, 262, 135, 1, '冰', 30),
(672, 263, 135, 1, '冰', 30),
(673, 264, 136, 1, '冰', 30),
(674, 265, 135, 1, '冰', 30),
(675, 265, 135, 1, '冰少冰', 30),
(676, 266, 136, 1, '冰', 30),
(677, 267, 134, 1, '冰', 30),
(678, 268, 133, 1, '冰', 35),
(679, 269, 127, 1, '冰', 25),
(680, 270, 135, 1, '冰', 30),
(681, 271, 131, 1, '冰', 25),
(682, 272, 135, 1, '冰', 30),
(683, 273, 135, 1, '冰', 30),
(684, 274, 136, 1, '冰', 30),
(685, 275, 131, 1, '冰', 25),
(686, 276, 133, 1, '冰', 35),
(687, 277, 136, 1, '冰', 30),
(688, 278, 135, 1, '冰', 30),
(689, 279, 136, 1, '冰', 30),
(690, 280, 135, 1, '冰', 30),
(691, 281, 136, 1, '冰', 30),
(692, 282, 134, 1, '冰', 30),
(693, 283, 135, 1, '冰', 30),
(694, 284, 134, 1, '冰', 30),
(695, 285, 128, 1, '冰', 25),
(696, 286, 134, 1, '冰', 30),
(697, 287, 136, 1, '冰', 30),
(698, 288, 134, 1, '冰', 30),
(699, 288, 135, 1, '冰', 30),
(700, 289, 135, 1, '冰', 30),
(701, 290, 135, 1, '冰', 30),
(702, 291, 134, 1, '冰', 30),
(703, 291, 134, 1, '冰', 30),
(704, 292, 135, 1, '冰', 30),
(705, 293, 135, 1, '冰', 30),
(706, 294, 128, 1, '冰', 25),
(707, 295, 135, 1, '冰', 30),
(708, 296, 135, 1, '冰', 30),
(709, 297, 126, 1, '冰', 50),
(710, 298, 131, 1, '冰', 25),
(711, 299, 131, 1, '冰', 25),
(712, 300, 135, 1, '冰', 30),
(713, 301, 136, 1, '冰', 30),
(714, 302, 135, 1, '冰', 30),
(715, 303, 127, 1, '冰', 25),
(716, 304, 131, 1, '冰', 25),
(717, 305, 134, 1, '冰', 30),
(718, 306, 136, 1, '冰', 30),
(719, 307, 134, 1, '冰', 30),
(720, 308, 135, 1, '冰', 30),
(721, 308, 135, 1, '冰', 30),
(722, 309, 135, 1, '冰', 30),
(723, 310, 135, 1, '冰', 30),
(724, 311, 135, 1, '冰', 30),
(725, 312, 131, 1, '冰', 25),
(726, 313, 131, 1, '冰', 25),
(727, 314, 134, 1, '冰', 30),
(728, 315, 132, 1, '冰', 40),
(729, 316, 135, 1, '冰', 30),
(730, 317, 133, 1, '冰', 35),
(731, 318, 127, 1, '冰', 25),
(732, 319, 135, 1, '冰', 30),
(733, 320, 135, 1, '冰', 30),
(734, 321, 134, 1, '冰', 30),
(735, 322, 135, 1, '冰', 30),
(736, 323, 134, 1, '冰', 30),
(737, 324, 136, 1, '冰', 30),
(738, 325, 135, 1, '冰', 30),
(739, 326, 136, 1, '冰', 30),
(740, 327, 127, 1, '冰', 25),
(741, 328, 134, 1, '冰', 30),
(742, 329, 132, 1, '冰', 40),
(743, 329, 136, 1, '冰', 30),
(744, 330, 133, 1, '冰', 35),
(745, 331, 135, 1, '冰', 30),
(746, 332, 135, 1, '冰', 30),
(747, 333, 135, 1, '冰', 30),
(748, 334, 135, 1, '冰', 30),
(749, 334, 135, 1, '冰', 30),
(750, 335, 128, 1, '冰', 25),
(751, 336, 135, 1, '冰', 30),
(752, 337, 135, 1, '冰', 30),
(753, 338, 135, 1, '冰', 30),
(754, 339, 134, 1, '冰', 30),
(755, 340, 135, 1, '冰', 30),
(756, 341, 135, 1, '冰', 30),
(757, 342, 128, 1, '冰', 25),
(758, 343, 128, 1, '冰', 25),
(759, 344, 135, 1, '冰', 30),
(760, 345, 131, 1, '冰', 25),
(761, 346, 131, 1, '冰', 25),
(762, 346, 135, 1, '冰', 30),
(763, 346, 136, 1, '冰', 30),
(764, 346, 127, 1, '冰', 25),
(765, 347, 136, 1, '冰', 30),
(766, 347, 136, 1, '冰', 30),
(767, 348, 134, 1, '冰', 30),
(768, 348, 134, 1, '冰', 30),
(769, 349, 131, 1, '冰', 25),
(770, 349, 127, 1, '冰', 25),
(771, 350, 133, 1, '冰', 35),
(772, 351, 135, 1, '冰', 30),
(773, 352, 135, 1, '冰', 30),
(774, 353, 131, 1, '冰', 25),
(775, 354, 133, 1, '冰', 35),
(776, 354, 135, 1, '冰', 30),
(777, 354, 135, 1, '冰', 30),
(778, 354, 131, 1, '冰', 25),
(779, 354, 131, 1, '冰', 25),
(780, 354, 131, 1, '冰', 25),
(781, 354, 131, 1, '冰', 25),
(782, 354, 131, 1, '冰', 25),
(783, 354, 131, 1, '冰', 0),
(784, 355, 128, 1, '冰', 25),
(785, 356, 133, 1, '冰', 35),
(786, 357, 131, 1, '冰', 25),
(787, 358, 131, 1, '冰', 25),
(788, 359, 134, 1, '冰', 30),
(789, 360, 128, 1, '冰', 25),
(790, 361, 131, 1, '冰', 25),
(791, 362, 131, 1, '冰', 25),
(792, 363, 133, 1, '冰', 35),
(793, 364, 128, 1, '冰', 25),
(794, 365, 135, 1, '冰', 30),
(795, 366, 135, 1, '冰', 30),
(796, 367, 76, 1, '冰', 55),
(797, 368, 127, 1, '冰', 25),
(798, 368, 136, 1, '冰', 30),
(799, 369, 128, 1, '冰', 25),
(800, 370, 133, 1, '冰', 35),
(801, 370, 133, 1, '冰', 35),
(802, 371, 130, 1, '冰', 25),
(803, 371, 130, 1, '冰', 25),
(804, 371, 136, 1, '冰', 30),
(805, 372, 130, 1, '冰', 25),
(806, 372, 130, 1, '冰', 25),
(807, 373, 130, 1, '冰', 25),
(808, 374, 130, 1, '冰', 25),
(809, 375, 130, 1, '冰', 25),
(810, 375, 130, 1, '冰', 25),
(811, 376, 136, 1, '冰', 30),
(812, 376, 136, 1, '冰', 30),
(813, 376, 136, 1, '冰', 30),
(814, 377, 130, 1, '冰', 25),
(815, 378, 130, 1, '冰', 25),
(816, 379, 130, 1, '冰', 25),
(817, 379, 130, 1, '冰', 25),
(818, 380, 130, 1, '冰', 25),
(819, 381, 130, 1, '冰', 25),
(820, 381, 130, 1, '冰', 25),
(821, 382, 130, 1, '冰', 25),
(822, 382, 130, 1, '冰', 25),
(823, 383, 130, 1, '冰', 25),
(824, 383, 130, 1, '冰', 25),
(825, 383, 130, 1, '冰', 25),
(826, 384, 136, 1, '冰', 30),
(827, 385, 136, 1, '冰', 30),
(828, 385, 136, 1, '冰', 30),
(829, 386, 136, 1, '冰', 30),
(830, 387, 130, 1, '冰', 25),
(831, 388, 136, 1, '冰', 30),
(832, 389, 136, 1, '冰', 30),
(833, 389, 136, 1, '冰', 30),
(834, 390, 130, 1, '冰', 25),
(835, 391, 136, 1, '冰', 30),
(836, 391, 130, 1, '冰', 25),
(837, 392, 136, 1, '冰', 30),
(838, 393, 130, 1, '冰', 25),
(839, 393, 130, 1, '冰', 25),
(840, 393, 130, 1, '冰', 25),
(841, 394, 132, 1, '冰', 40),
(842, 395, 130, 1, '冰', 25),
(843, 396, 136, 1, '冰', 30),
(844, 397, 130, 1, '冰', 25),
(845, 398, 136, 1, '冰', 30),
(846, 399, 136, 1, '冰', 30),
(847, 400, 130, 1, '冰', 25),
(848, 401, 127, 1, '冰', 25),
(849, 401, 127, 1, '冰', 25),
(850, 402, 130, 1, '冰', 25),
(851, 403, 130, 1, '冰', 25),
(852, 404, 130, 1, '冰', 25),
(853, 405, 127, 1, '冰', 25),
(854, 406, 128, 1, '冰', 25),
(855, 407, 127, 1, '冰', 25),
(856, 408, 130, 1, '冰', 25),
(857, 408, 130, 1, '冰', 25),
(858, 409, 136, 1, '冰', 30),
(859, 410, 128, 1, '冰', 25),
(860, 410, 128, 1, '冰', 25),
(861, 410, 128, 1, '冰', 25),
(862, 410, 128, 1, '冰', 25),
(863, 411, 130, 1, '冰', 25),
(864, 411, 130, 1, '冰', 25),
(865, 411, 130, 1, '冰', 25),
(866, 412, 130, 1, '冰', 25),
(867, 412, 130, 1, '冰', 25),
(868, 412, 130, 1, '冰', 25),
(869, 413, 127, 1, '冰', 25),
(870, 413, 127, 1, '冰', 25),
(871, 413, 127, 1, '冰', 25),
(872, 414, 127, 1, '冰', 25),
(873, 415, 133, 1, '冰', 35),
(874, 415, 129, 1, '冰', 35),
(875, 416, 129, 1, '冰', 35),
(876, 417, 129, 1, '冰', 35),
(877, 417, 129, 1, '冰', 35),
(878, 418, 129, 1, '冰', 35),
(879, 419, 129, 1, '冰', 35),
(880, 420, 130, 1, '冰', 25),
(881, 421, 130, 1, '冰', 25),
(882, 422, 136, 1, '冰', 30),
(883, 423, 128, 1, '冰', 25),
(884, 424, 130, 1, '冰', 25),
(885, 425, 130, 1, '冰', 25),
(886, 425, 130, 1, '冰', 25),
(887, 426, 130, 1, '冰', 25),
(888, 427, 130, 1, '冰', 25),
(889, 427, 130, 1, '冰', 25),
(890, 428, 130, 1, '冰', 25),
(891, 428, 130, 1, '冰', 25),
(892, 428, 131, 1, '冰仙草微冰椰果養樂多', 45),
(893, 428, 128, 1, '冰', 25),
(894, 428, 130, 1, '冰', 25),
(895, 429, 136, 1, '冰', 30),
(896, 430, 136, 1, '冰', 30),
(897, 431, 130, 1, '冰', 25),
(898, 432, 127, 1, '冰', 25),
(899, 432, 127, 1, '冰', 25),
(900, 433, 131, 1, '冰', 25),
(901, 434, 129, 1, '冰', 35),
(902, 435, 127, 1, '冰', 25),
(903, 436, 129, 1, '冰', 35),
(904, 437, 129, 1, '冰', 35),
(905, 438, 129, 1, '冰', 35),
(906, 439, 132, 1, '冰', 40),
(907, 440, 127, 1, '冰', 25),
(908, 441, 129, 1, '冰', 35),
(909, 441, 129, 1, '冰', 35),
(910, 442, 131, 1, '冰', 25),
(911, 443, 130, 1, '冰', 25),
(912, 443, 136, 1, '冰', 30),
(913, 444, 128, 1, '冰', 25),
(914, 444, 128, 1, '冰', 25),
(915, 445, 132, 1, '冰', 40),
(916, 446, 131, 1, '冰', 25),
(917, 446, 131, 1, '冰', 25),
(918, 447, 136, 1, '冰', 30),
(919, 447, 130, 1, '冰', 25),
(920, 448, 129, 1, '冰', 35),
(921, 449, 129, 1, '冰', 35),
(922, 450, 130, 1, '冰', 25),
(923, 451, 129, 1, '冰', 35),
(924, 452, 129, 1, '冰', 35),
(925, 453, 130, 1, '冰', 25),
(926, 454, 129, 1, '冰', 35),
(927, 455, 129, 1, '冰', 35),
(928, 456, 130, 1, '冰', 25),
(929, 456, 130, 1, '冰', 25),
(930, 457, 136, 1, '冰', 30),
(931, 458, 132, 1, '冰', 40),
(932, 459, 129, 1, '冰', 35),
(933, 460, 136, 1, '冰', 30),
(934, 461, 130, 1, '冰', 25),
(935, 462, 129, 1, '冰', 35),
(936, 463, 127, 1, '冰', 25),
(937, 463, 130, 1, '冰', 25),
(938, 463, 130, 1, '冰椰果', 30),
(939, 464, 127, 1, '冰', 25),
(940, 465, 129, 1, '冰', 35),
(941, 466, 136, 1, '冰', 30),
(942, 467, 130, 1, '冰', 25),
(943, 467, 136, 1, '冰椰果', 35),
(944, 467, 131, 1, '冰', 25),
(945, 468, 129, 1, '冰', 35),
(946, 469, 130, 1, '冰', 25),
(947, 469, 130, 1, '冰', 25),
(948, 470, 130, 1, '冰', 25),
(949, 470, 130, 1, '冰椰果仙草', 35),
(950, 470, 132, 1, '冰', 40),
(951, 470, 129, 1, '冰', 35),
(952, 471, 136, 1, '冰', 30),
(953, 471, 136, 1, '冰', 30),
(954, 471, 127, 1, '冰', 25),
(955, 471, 135, 1, '冰仙草養樂多椰果', 50),
(956, 472, 126, 1, '冰', 50),
(957, 472, 127, 1, '冰', 25),
(958, 472, 131, 1, '冰', 25),
(959, 472, 132, 1, '冰仙草仙草', 50),
(960, 473, 132, 1, '冰椰果仙草養樂多', 60),
(961, 473, 130, 1, '冰', 25),
(962, 473, 129, 1, '冰', 35),
(963, 474, 134, 1, '冰養樂多仙草', 45),
(964, 474, 131, 1, '冰', 25),
(965, 474, 127, 1, '冰', 25),
(966, 474, 126, 1, '冰', 50),
(967, 475, 129, 1, '冰', 35),
(968, 475, 127, 1, '冰', 25),
(969, 475, 126, 1, '冰', 50),
(970, 476, 129, 1, '冰', 35),
(971, 476, 134, 1, '冰椰果仙草微冰', 40),
(972, 477, 127, 1, '冰', 25),
(973, 477, 131, 1, '冰', 25),
(974, 477, 135, 1, '冰', 30),
(975, 478, 131, 1, '冰', 25),
(976, 478, 135, 1, '冰', 30),
(977, 478, 134, 1, '冰', 30),
(978, 479, 131, 1, '冰', 25),
(979, 479, 131, 1, '冰', 25),
(980, 479, 135, 1, '冰', 30),
(981, 479, 128, 1, '冰仙草仙草', 35),
(982, 480, 134, 1, '冰', 30),
(983, 480, 134, 1, '冰', 30),
(984, 480, 128, 1, '冰', 25),
(985, 481, 127, 1, '冰', 25),
(986, 481, 131, 1, '冰', 25),
(987, 482, 135, 1, '冰養樂多多冰', 40),
(988, 483, 135, 1, '冰', 30),
(989, 484, 134, 1, '冰', 30),
(990, 484, 128, 1, '冰微糖多冰養樂多', 35),
(991, 485, 134, 1, '冰', 30),
(992, 485, 134, 1, '冰', 30),
(993, 485, 133, 1, '冰', 35),
(994, 485, 130, 1, '冰養樂多多冰', 35),
(995, 486, 131, 1, '冰', 25),
(996, 486, 128, 1, '冰', 25),
(997, 486, 136, 1, '冰仙草養樂多椰果', 50),
(998, 487, 131, 1, '冰', 25),
(999, 487, 135, 1, '冰', 30),
(1000, 487, 136, 1, '冰', 30),
(1001, 488, 127, 1, '冰', 25),
(1002, 488, 136, 1, '冰椰果多冰', 35);

-- --------------------------------------------------------

--
-- 資料表結構 `shop`
--

CREATE TABLE `shop` (
  `shop_id` int(11) NOT NULL,
  `shop_name` varchar(100) NOT NULL,
  `shop_address` text NOT NULL,
  `shop_tel` varchar(50) NOT NULL,
  `shop_owner` varchar(50) NOT NULL,
  `shop_account` int(11) DEFAULT NULL,
  `shop_type` int(11) NOT NULL
) ENGINE=InnoDB DEFAULT CHARSET=utf8;

--
-- 資料表的匯出資料 `shop`
--

INSERT INTO `shop` (`shop_id`, `shop_name`, `shop_address`, `shop_tel`, `shop_owner`, `shop_account`, `shop_type`) VALUES
(-1, '高雄總店', '高雄市左營區孟子路360號', '+886 989178168', '李厚岡', 1, 1),
(1, '高雄孟子店', '高雄市左營區孟子路360號', '07-3100766', '大帥哥333', 43, 1),
(6, '88', '10', '99', '6666', NULL, 1);

-- --------------------------------------------------------

--
-- 資料表結構 `user`
--

CREATE TABLE `user` (
  `u_id` int(11) NOT NULL,
  `u_account` varchar(50) COLLATE utf8_unicode_ci NOT NULL,
  `u_pass` varchar(64) COLLATE utf8_unicode_ci DEFAULT NULL,
  `u_type` tinyint(3) NOT NULL COMMENT '0: not active, 1: active, 2: staff, 3: admin',
  `shop_id` int(11) NOT NULL,
  `is_remove` tinyint(1) NOT NULL
) ENGINE=InnoDB DEFAULT CHARSET=utf8 COLLATE=utf8_unicode_ci;

--
-- 資料表的匯出資料 `user`
--

INSERT INTO `user` (`u_id`, `u_account`, `u_pass`, `u_type`, `shop_id`, `is_remove`) VALUES
(1, 'top_boss', '8d969eef6ecad3c29a3a629280e686cf0c3f5d5a86aff3ca12020c923adc6c92', 3, -1, 0),
(43, 'bottom_boss', 'a665a45920422f9d417e4867efdc4fb8a04a1f3fff1fa07e998e86f7f7a27ae3', 3, 1, 0),
(44, 'bottom_staff', 'a665a45920422f9d417e4867efdc4fb8a04a1f3fff1fa07e998e86f7f7a27ae3', 2, 1, 0),
(45, '0912345678', 'a665a45920422f9d417e4867efdc4fb8a04a1f3fff1fa07e998e86f7f7a27ae3', 1, 1, 0),
(46, 'top_staff', 'a665a45920422f9d417e4867efdc4fb8a04a1f3fff1fa07e998e86f7f7a27ae3', 2, -1, 0),
(62, '667', 'dfgdfgdf', 2, 6, 0),
(63, '213424', 'e3b0c44298fc1c149afbf4c8996fb92427ae41e4649b934ca495991b7852b855', 2, -1, 0),
(64, 'cliff', 'a665a45920422f9d417e4867efdc4fb8a04a1f3fff1fa07e998e86f7f7a27ae3', 2, -1, 0);

-- --------------------------------------------------------

--
-- 資料表結構 `user_info`
--

CREATE TABLE `user_info` (
  `ui_id` int(11) NOT NULL,
  `u_id` int(11) NOT NULL,
  `ui_phone` varchar(20) COLLATE utf8_unicode_ci NOT NULL,
  `ui_name` varchar(20) COLLATE utf8_unicode_ci NOT NULL,
  `ui_gendor` varchar(10) COLLATE utf8_unicode_ci NOT NULL,
  `ui_country_id` varchar(20) COLLATE utf8_unicode_ci NOT NULL
) ENGINE=InnoDB DEFAULT CHARSET=utf8 COLLATE=utf8_unicode_ci;

--
-- 資料表的匯出資料 `user_info`
--

INSERT INTO `user_info` (`ui_id`, `u_id`, `ui_phone`, `ui_name`, `ui_gendor`, `ui_country_id`) VALUES
(1, 1, '+886 989178168', '李厚岡', '0', ''),
(61, 43, '3333', '大帥哥333', '男', 'F3333'),
(62, 44, '', '', '0', ''),
(63, 45, '0912345678', '', '男', ''),
(64, 46, '091111111111', '阿賢', '男', 'F11111111'),
(74, 61, '55', '王大人', '男', '44'),
(75, 62, 'sdfadsf', '王staff', '男', '44'),
(76, 63, '5', 'isaactopstaff', '男', 'yoo'),
(77, 64, '0912345678', 'Cliff', '男', 'A123456789');

-- --------------------------------------------------------

--
-- 資料表結構 `user_register`
--

CREATE TABLE `user_register` (
  `u_id` int(50) NOT NULL,
  `code` varchar(5) NOT NULL,
  `expiration` int(11) NOT NULL
) ENGINE=InnoDB DEFAULT CHARSET=latin1;

--
-- 資料表的匯出資料 `user_register`
--

INSERT INTO `user_register` (`u_id`, `code`, `expiration`) VALUES
(0, 'f30e', 1476622679),
(1, 'bcdf', 123),
(10, 'cb56', 1476627811),
(29, '73ba', 1477096254),
(31, '0c89', 1478785744),
(32, 'f120', 1478786060),
(40, '5a3f', 1479576221);

--
-- 已匯出資料表的索引
--

--
-- 資料表索引 `additional_item`
--
ALTER TABLE `additional_item`
  ADD PRIMARY KEY (`ai_id`);

--
-- 資料表索引 `additional_type`
--
ALTER TABLE `additional_type`
  ADD PRIMARY KEY (`at_id`);

--
-- 資料表索引 `config`
--
ALTER TABLE `config`
  ADD UNIQUE KEY `name` (`name`);

--
-- 資料表索引 `ingredient`
--
ALTER TABLE `ingredient`
  ADD PRIMARY KEY (`call_id`);

--
-- 資料表索引 `log`
--
ALTER TABLE `log`
  ADD PRIMARY KEY (`log_id`);

--
-- 資料表索引 `log_material`
--
ALTER TABLE `log_material`
  ADD PRIMARY KEY (`d_id`);

--
-- 資料表索引 `main`
--
ALTER TABLE `main`
  ADD PRIMARY KEY (`m_id`);

--
-- 資料表索引 `orders`
--
ALTER TABLE `orders`
  ADD PRIMARY KEY (`o_id`);

--
-- 資料表索引 `raw_material`
--
ALTER TABLE `raw_material`
  ADD PRIMARY KEY (`raw_id`);

--
-- 資料表索引 `required_option`
--
ALTER TABLE `required_option`
  ADD PRIMARY KEY (`ro_id`);

--
-- 資料表索引 `series`
--
ALTER TABLE `series`
  ADD PRIMARY KEY (`s_id`);

--
-- 資料表索引 `sh-i_ai`
--
ALTER TABLE `sh-i_ai`
  ADD PRIMARY KEY (`sh-i_ai_id`);

--
-- 資料表索引 `share`
--
ALTER TABLE `share`
  ADD PRIMARY KEY (`sh_id`);

--
-- 資料表索引 `share_item`
--
ALTER TABLE `share_item`
  ADD PRIMARY KEY (`sh-i_id`);

--
-- 資料表索引 `shop`
--
ALTER TABLE `shop`
  ADD PRIMARY KEY (`shop_id`);

--
-- 資料表索引 `user`
--
ALTER TABLE `user`
  ADD PRIMARY KEY (`u_id`);

--
-- 資料表索引 `user_info`
--
ALTER TABLE `user_info`
  ADD PRIMARY KEY (`ui_id`);

--
-- 資料表索引 `user_register`
--
ALTER TABLE `user_register`
  ADD PRIMARY KEY (`u_id`);

--
-- 在匯出的資料表使用 AUTO_INCREMENT
--

--
-- 使用資料表 AUTO_INCREMENT `additional_item`
--
ALTER TABLE `additional_item`
  MODIFY `ai_id` int(11) NOT NULL AUTO_INCREMENT, AUTO_INCREMENT=121;
--
-- 使用資料表 AUTO_INCREMENT `additional_type`
--
ALTER TABLE `additional_type`
  MODIFY `at_id` int(11) NOT NULL AUTO_INCREMENT, AUTO_INCREMENT=48;
--
-- 使用資料表 AUTO_INCREMENT `ingredient`
--
ALTER TABLE `ingredient`
  MODIFY `call_id` int(11) NOT NULL AUTO_INCREMENT, AUTO_INCREMENT=47;
--
-- 使用資料表 AUTO_INCREMENT `log`
--
ALTER TABLE `log`
  MODIFY `log_id` int(11) NOT NULL AUTO_INCREMENT, AUTO_INCREMENT=632;
--
-- 使用資料表 AUTO_INCREMENT `main`
--
ALTER TABLE `main`
  MODIFY `m_id` int(10) UNSIGNED NOT NULL AUTO_INCREMENT, AUTO_INCREMENT=175;
--
-- 使用資料表 AUTO_INCREMENT `orders`
--
ALTER TABLE `orders`
  MODIFY `o_id` int(11) NOT NULL AUTO_INCREMENT, AUTO_INCREMENT=501;
--
-- 使用資料表 AUTO_INCREMENT `raw_material`
--
ALTER TABLE `raw_material`
  MODIFY `raw_id` int(11) NOT NULL AUTO_INCREMENT, AUTO_INCREMENT=5;
--
-- 使用資料表 AUTO_INCREMENT `required_option`
--
ALTER TABLE `required_option`
  MODIFY `ro_id` int(11) NOT NULL AUTO_INCREMENT, AUTO_INCREMENT=119;
--
-- 使用資料表 AUTO_INCREMENT `series`
--
ALTER TABLE `series`
  MODIFY `s_id` int(11) NOT NULL AUTO_INCREMENT, AUTO_INCREMENT=34;
--
-- 使用資料表 AUTO_INCREMENT `sh-i_ai`
--
ALTER TABLE `sh-i_ai`
  MODIFY `sh-i_ai_id` int(11) NOT NULL AUTO_INCREMENT, AUTO_INCREMENT=304;
--
-- 使用資料表 AUTO_INCREMENT `share`
--
ALTER TABLE `share`
  MODIFY `sh_id` int(11) NOT NULL AUTO_INCREMENT, AUTO_INCREMENT=489;
--
-- 使用資料表 AUTO_INCREMENT `share_item`
--
ALTER TABLE `share_item`
  MODIFY `sh-i_id` int(11) NOT NULL AUTO_INCREMENT, AUTO_INCREMENT=1003;
--
-- 使用資料表 AUTO_INCREMENT `shop`
--
ALTER TABLE `shop`
  MODIFY `shop_id` int(11) NOT NULL AUTO_INCREMENT, AUTO_INCREMENT=7;
--
-- 使用資料表 AUTO_INCREMENT `user`
--
ALTER TABLE `user`
  MODIFY `u_id` int(11) NOT NULL AUTO_INCREMENT, AUTO_INCREMENT=65;
--
-- 使用資料表 AUTO_INCREMENT `user_info`
--
ALTER TABLE `user_info`
  MODIFY `ui_id` int(11) NOT NULL AUTO_INCREMENT, AUTO_INCREMENT=78;
/*!40101 SET CHARACTER_SET_CLIENT=@OLD_CHARACTER_SET_CLIENT */;
/*!40101 SET CHARACTER_SET_RESULTS=@OLD_CHARACTER_SET_RESULTS */;
/*!40101 SET COLLATION_CONNECTION=@OLD_COLLATION_CONNECTION */;
